,tweet_id,jpg_url,tweet_image_number,most_probable_breed,breed_confidence,timestamp,description,name,doggo,floofer,pupper,puppo,normalized_rating,favorite_count,retweet_count
0,767500508068192258,https://pbs.twimg.com/media/Cqa1ofnXEAAG0yn.jpg,1,Golden Retriever,0.16506300000000002,2016-08-21 23:15:55,This is Louie. He's making quite a h*ckin mess. Doesn't seem to care. 12/10 jubilant af https://t.co/Z2g2YWPzX2,Louie,None,None,None,None,0.13014084507042253,8295,2688
1,767754930266464257,https://pbs.twimg.com/media/CqedCQWWgAIab9L.jpg,1,Vizsla,0.307794,2016-08-22 16:06:54,This is Philbert. His toilet broke and he doesn't know what to do. Trying not to panic. 11/10 furustrated af https://t.co/Nb68IsVb9O,Philbert,None,None,None,None,0.11830985915492959,17814,6221
2,768596291618299904,https://pbs.twimg.com/media/CqqaPjqWIAAOyNL.jpg,1,Great Pyrenees,0.729745,2016-08-24 23:50:10,Say hello to Oakley and Charlie. They're convinced that they each have their own stick. Nobody tell them. Both 12/10 https://t.co/J2AJdyxglH,Oakley,None,None,None,None,0.13014084507042253,5592,1473
3,768609597686943744,https://pbs.twimg.com/media/CqqmWa7WcAAIM-n.jpg,1,Basenji,0.183283,2016-08-25 00:43:02,This is Lou. His sweater is too small and he already cut the tags off. Very very churlish. 10/10 would still pet https://t.co/dZPMLresEr,Lou,None,None,None,None,0.10647887323943662,4580,1382
4,768855141948723200,https://pbs.twimg.com/media/CquFrCKWAAAr32m.jpg,1,Rottweiler,0.0551135,2016-08-25 16:58:45,This is Jesse. He really wants a belly rub. Will be as cute as possible to achieve that goal. 11/10 https://t.co/1BxxcdVNJ8,Jesse,None,None,None,None,0.11830985915492959,4660,1034
5,769212283578875904,https://pbs.twimg.com/media/CqzKfQgXEAAWIY-.jpg,1,Golden Retriever,0.16653800000000002,2016-08-26 16:37:54,This is DonDon. He's way up but doesn't feel blessed. Rather uncomfortable actually. 12/10 I'll save you DonDon https://t.co/OCYLz3fjVE,DonDon,None,None,None,None,0.13014084507042253,5980,1969
6,769695466921623552,https://pbs.twimg.com/media/Cq6B8V6XYAA1T1R.jpg,1,Pug,0.407117,2016-08-28 00:37:54,This is Titan. He's trying to make friends. Offering up his favorite stick. 13/10 philanthropic af https://t.co/vhrkz0dK4v,Titan,None,None,None,None,0.1419718309859155,7101,1926
7,770293558247038976,https://pbs.twimg.com/media/CrCh5RgW8AAXW4U.jpg,1,Italian Greyhound,0.931668,2016-08-29 16:14:30,This is Jackson. There's nothing abnormal about him. Just your average really good dog. 10/10 https://t.co/3fEPpj0KYw,Jackson,None,None,None,None,0.10647887323943662,6923,1718
8,770414278348247044,https://pbs.twimg.com/media/CrEPsfWXEAAKvem.jpg,1,Golden Retriever,0.0535696,2016-08-30 00:14:12,Meet Al Cabone. He's a gangsta puppa. Rather h*ckin ruthless. Shows no mercy sometimes. 11/10 pet w extreme caution https://t.co/OUwWbEKOUV,Al,None,None,None,None,0.11830985915492959,6987,2390
9,770772759874076672,https://pbs.twimg.com/media/CrJVupHXgAA4Dkk.jpg,1,Golden Retriever,0.0102187,2016-08-30 23:58:40,This is Sebastian. He's super h*ckin fluffy. That's really all you need to know. 11/10 would snug intensely https://t.co/lqr0NdtwQo,Sebastian,None,None,None,None,0.11830985915492959,5749,1626
10,771770456517009408,https://pbs.twimg.com/media/CrXhIqBW8AA6Bse.jpg,1,Papillon,0.53318,2016-09-02 18:03:10,This is Davey. He'll have your daughter home by 8. Just a stand up pup. 11/10 would introduce to mom https://t.co/E6bGWf9EOm,Davey,None,None,None,None,0.11830985915492959,13356,3924
11,772102971039580160,https://pbs.twimg.com/media/CrcPjh0WcAA_SPT.jpg,1,Shetland Sheepdog,0.0637031,2016-09-03 16:04:27,This is Penny. She's an OU cheerleader. About to do a triple back handspring down the stairs. 11/10 hype af https://t.co/B2f3XkGU5c,Penny,None,None,None,None,0.11830985915492959,4448,1065
12,772114945936949249,https://pbs.twimg.com/media/Crcacf9WgAEcrMh.jpg,1,Chihuahua,0.803293,2016-09-03 16:52:02,This is Finn. He's very nervous for the game. Has a lot of money riding on it.10/10 would attempt to comfort https://t.co/CbtNfecWiT,Finn,None,None,None,None,0.10647887323943662,3005,546
13,772117678702071809,https://pbs.twimg.com/media/Crcc7pqXEAAM5O2.jpg,1,Labrador Retriever,0.217821,2016-09-03 17:02:54,Meet Jack. He's a Clemson pup. Appears to be rather h*ckin pettable. Almost makes me want to root for Clemson. 12/10 https://t.co/GHOfbTVQti,Jack,None,None,None,None,0.13014084507042253,4165,848
14,772152991789019136,https://pbs.twimg.com/media/Crc9DEoWEAE7RLH.jpg,2,Golden Retriever,0.275318,2016-09-03 19:23:13,Here's a couple rufferees making sure all the sports are played fairly today. Both 10/10 would bribe with extra pets https://t.co/H9yjI9eo3A,None,None,None,None,None,0.10647887323943662,4181,1300
15,772581559778025472,https://pbs.twimg.com/media/CrjC0JAWAAAjz6n.jpg,3,Newfoundland,0.574345,2016-09-04 23:46:12,Guys this is getting so out of hand. We only rate dogs. This is a Galapagos Speed Panda. Pls only send dogs... 10/10 https://t.co/8lpAGaZRFn,a,None,None,None,None,0.10647887323943662,7192,1968
16,772826264096874500,https://pbs.twimg.com/media/CrmhYYIXEAEcyYY.jpg,1,Beagle,0.00822894,2016-09-05 15:58:34,"Meet Roosevelt. He's preparing for takeoff. Make sure tray tables are in their full pupright &amp; licked position
11/10 https://t.co/7CQkn3gHOQ",Roosevelt,None,None,None,None,0.11830985915492959,8842,2669
17,773191612633579521,https://pbs.twimg.com/media/CrrtqjdXEAINleR.jpg,1,Shih Tzu,0.219256,2016-09-06 16:10:20,This is Grey. He's the dogtor in charge of your checkpup today. 12/10 I'd never miss an appointment https://t.co/9HEVPJEioD,Grey,None,None,None,None,0.13014084507042253,11117,4736
18,773670353721753600,https://pbs.twimg.com/media/CryhFC0XEAA9wp_.jpg,1,Old English Sheepdog,0.969311,2016-09-07 23:52:41,This is Shakespeare. He appears to be maximum level pettable. Born with no eyes tho (tragic). 10/10 probably wise https://t.co/rA8WUVOLBr,Shakespeare,None,None,None,None,0.10647887323943662,5935,1501
19,773985732834758656,https://pbs.twimg.com/media/Cr2_6R8WAAAUMtc.jpg,4,Pug,0.10957,2016-09-08 20:45:53,Meet Winnie. She just made awkward eye contact with the driver beside her. Poor pupper panicked. 11/10 would comfort https://t.co/RFWtDqTnAz,Winnie,None,None,pupper,None,0.11830985915492959,11925,4492
20,774314403806253056,https://pbs.twimg.com/media/Cr7q1VxWIAA5Nm7.jpg,3,Siberian Husky,0.223067,2016-09-09 18:31:54,I WAS SENT THE ACTUAL DOG IN THE PROFILE PIC BY HIS OWNER THIS IS SO WILD. 14/10 ULTIMATE LEGEND STATUS https://t.co/7oQ1wpfxIH,None,None,None,None,None,0.15380281690140846,24167,6478
21,774639387460112384,https://pbs.twimg.com/media/CsASZqRW8AA3Szw.jpg,1,Basenji,0.128705,2016-09-10 16:03:16,This is Sprinkles. He's trapped in light jail. 10/10 would post bail for him https://t.co/4s5Xlijogu,Sprinkles,None,None,None,None,0.10647887323943662,7508,2013
22,774757898236878852,https://pbs.twimg.com/media/CsB-MYiXgAEQU20.jpg,1,Lakeland Terrier,0.00700838,2016-09-10 23:54:11,This is Finley. She's a Beneboop Cumbersplash. 12/10 I'd do unspeakable things for Finley https://t.co/dS8SCbNF9P,Finley,None,None,None,None,0.13014084507042253,9462,2035
23,775085132600442880,https://pbs.twimg.com/media/CsGnz64WYAEIDHJ.jpg,1,Golden Retriever,0.241929,2016-09-11 21:34:30,This is Tucker. He would like a hug. 13/10 someone hug him https://t.co/wdgY9oHPrT,Tucker,None,None,None,None,0.1419718309859155,17281,5488
24,775842724423557120,https://pbs.twimg.com/media/CsRY1jAWYAUOx55.jpg,2,French Bulldog,0.0259901,2016-09-13 23:44:54,This is Blue. He was having an average day until his owner told him about Bront. 12/10 h*ckin hysterical af https://t.co/saRYTcxQeH,Blue,None,None,None,None,0.13014084507042253,13022,3116
25,776201521193218049,https://pbs.twimg.com/media/CsWfKadWEAAtmlS.jpg,1,Rottweiler,0.502228,2016-09-14 23:30:38,This is O'Malley. That is how he sleeps. Doesn't care what you think about it. 10/10 comfy af https://t.co/Pq150LeRaC,O,None,None,None,None,0.10647887323943662,10681,2919
26,776218204058357768,https://pbs.twimg.com/media/CsWuVEdWcAAqbe9.jpg,1,Samoyed,0.940326,2016-09-15 00:36:55,Atlas rolled around in some chalk and now he's a magical rainbow floofer. 13/10 please never take a bath https://t.co/nzqTNw0744,None,None,floofer,None,None,0.1419718309859155,33345,18497
27,777621514455814149,https://pbs.twimg.com/media/Csqqoo5WEAAMTVW.jpg,1,Norwich Terrier,5.6448500000000014e-05,2016-09-18 21:33:11,This is Derek. You can't look at him and not smile. Must've just had a blue pupsicle. 12/10 would snug intensely https://t.co/BnVTMtUeI3,Derek,None,None,None,None,0.13014084507042253,9742,2910
28,777684233540206592,https://pbs.twimg.com/media/CsrjryzWgAAZY00.jpg,1,Cocker Spaniel,0.253442,2016-09-19 01:42:24,"""Yep... just as I suspected. You're not flossing."" 12/10 and 11/10 for the pup not flossing https://t.co/SuXcI9B7pQ",None,None,None,None,None,0.13014084507042253,12518,3403
29,777885040357281792,https://pbs.twimg.com/media/CsuaUH2WAAAWJh1.jpg,1,Afghan Hound,0.123529,2016-09-19 15:00:20,This is Wesley. He's clearly trespassing. Seems rather h*ckin violent too. Weaponized forehead. 3/10 wouldn't let in https://t.co/pL7wbMRW7M,Wesley,None,None,None,None,0.02366197183098592,7078,1893
30,778039087836069888,https://pbs.twimg.com/media/CswmaHmWAAAbdY9.jpg,2,Norwegian Elkhound,0.0588024,2016-09-20 01:12:28,Evolution of a pupper yawn featuring Max. 12/10 groundbreaking stuff https://t.co/t8Y4x9DmVD,None,None,None,pupper,None,0.13014084507042253,9417,3065
31,778383385161035776,https://pbs.twimg.com/media/Cs1fjyqWIAE2jop.jpg,1,Collie,0.345266,2016-09-21 00:00:35,This is Nala. She's a future Dogue model. Won't respond to my texts. 13/10 would be an honor to pet https://t.co/zP1IvAATWv,Nala,None,None,None,None,0.1419718309859155,6515,1271
32,778408200802557953,https://pbs.twimg.com/media/Cs12ICuWAAECNRy.jpg,3,Beagle,0.0119417,2016-09-21 01:39:11,RIP Loki. Thank you for the good times. You will be missed by many. 14/10 https://t.co/gJKD9pst5A,None,None,None,None,None,0.15380281690140846,15135,5023
33,778624900596654080,https://pbs.twimg.com/media/Cs47N3eWcAEmgiW.jpg,2,Irish Terrier,0.121488,2016-09-21 16:00:17,This is Penny. She's a sailor pup. 11/10 would take to the open seas with https://t.co/0rRxyBQt32,Penny,None,None,None,None,0.11830985915492959,5177,1176
34,778748913645780993,https://pbs.twimg.com/media/Cs6r_-kVIAALh1p.jpg,1,Boxer,0.201478,2016-09-22 00:13:04,"This is Mya (pronounced ""mmmyah?""). Her head is round af. 11/10 would pat accordingly https://t.co/1dpEuALnY0",Mya,None,None,None,None,0.11830985915492959,7717,1562
35,778990705243029504,https://pbs.twimg.com/media/Cs-H5uhWcAAiNY9.jpg,2,Cocker Spaniel,0.7153510000000001,2016-09-22 16:13:51,This is Jay. He's really h*ckin happy about the start of fall. Sneaky tongue slip in 2nd pic. 11/10 snuggly af https://t.co/vyx1X5eyWI,Jay,None,None,None,None,0.11830985915492959,22342,8437
36,779123168116150273,https://pbs.twimg.com/media/CtAAYizW8AAWzBZ.jpg,1,Soft Coated Wheaten Terrier,0.0603649,2016-09-23 01:00:13,This is Reggie. He hugs everyone he meets. 12/10 keep spreading the love Reggie https://t.co/uMfhduaate,Reggie,None,None,None,None,0.13014084507042253,13206,4207
37,779834332596887552,https://pbs.twimg.com/media/CtKHLuCWYAA2TTs.jpg,1,Golden Retriever,0.99383,2016-09-25 00:06:08,This is Scout. He really wants to kiss himself. H*ckin inappropriate. 11/10 narcissistic af https://t.co/x0gV2Ck3AD,Scout,None,None,None,None,0.11830985915492959,21252,8237
38,780543529827336192,https://pbs.twimg.com/media/CtUMLzRXgAAbZK5.jpg,1,Golden Retriever,0.628312,2016-09-26 23:04:13,Here's a perturbed super floof. 12/10 would snug so damn well https://t.co/VG095mi09Q,None,None,None,None,None,0.13014084507042253,7040,2032
39,781163403222056960,https://pbs.twimg.com/media/Ctc_-BTWEAAQpZh.jpg,1,Shetland Sheepdog,0.973841,2016-09-28 16:07:23,"We normally don't rate lobsters, but this one appears to be a really good lobster. 10/10 would pet with caution https://t.co/YkHc7U7uUy",None,None,None,None,None,0.10647887323943662,10895,3168
40,781524693396357120,https://pbs.twimg.com/media/CtiIj0AWcAEBDvw.jpg,1,Chesapeake Bay Retriever,0.0035225,2016-09-29 16:03:01,Idk why this keeps happening. We only rate dogs. Not Bangladeshi Couch Chipmunks. Please only send dogs... 12/10 https://t.co/ya7bviQUUf,None,None,None,None,None,0.13014084507042253,23163,6426
41,781661882474196992,https://pbs.twimg.com/media/CtkFS72WcAAiUrs.jpg,1,Golden Retriever,0.226954,2016-09-30 01:08:10,Who keeps sending in pictures without dogs in them? This needs to stop. 5/10 for the mediocre road https://t.co/ELqelxWMrC,None,None,None,None,None,0.04732394366197184,11634,3129
42,782969140009107456,https://pbs.twimg.com/media/Ct2qO5PXEAE6eB0.jpg,1,Golden Retriever,0.17139300000000002,2016-10-03 15:42:44,This is Cali. She arrived preassembled. Convenient af. 12/10 appears to be rather h*ckin pettable https://t.co/vOBV1ZqVcX,Cali,None,None,None,None,0.13014084507042253,26949,8521
43,783085703974514689,https://pbs.twimg.com/media/Ct4URfWUAAQ7lKe.jpg,1,Chesapeake Bay Retriever,0.240602,2016-10-03 23:25:55,This is Earl. He can't catch. Did his best tho. 11/10 would repair confidence with extra pats https://t.co/IsqyvbjFgM,Earl,None,None,None,None,0.11830985915492959,9112,2565
44,783391753726550016,https://pbs.twimg.com/media/Ct8qn8EWIAAk9zP.jpg,4,Norwegian Elkhound,0.87713,2016-10-04 19:42:03,Meet Godi. He's an avid beachgoer and part time rainbow summoner. Eyeliner flawless af. 13/10 would snug well https://t.co/BO936YdJdi,Godi,None,None,None,None,0.1419718309859155,18908,6441
45,783695101801398276,https://pbs.twimg.com/media/CuA-iRHXYAAWP8e.jpg,3,Golden Retriever,0.300435,2016-10-05 15:47:27,This is Loomis. He's the leader of the Kenneth search party. The passion is almost overwhelming. 12/10 one day he will be free https://t.co/kCRKlFg4AY,Loomis,None,None,None,None,0.13014084507042253,11650,3737
46,784517518371221505,https://pbs.twimg.com/media/CuMqhGrXYAQwRqU.jpg,2,Siberian Husky,0.08484019999999999,2016-10-07 22:15:26,This is Frankie. He has yet to learn how to control his tongue. 11/10 maybe one day https://t.co/p6fgYe2dB6,Frankie,None,None,None,None,0.11830985915492959,10039,2970
47,784826020293709826,https://pbs.twimg.com/media/CuRDF-XWcAIZSer.jpg,1,Irish Setter,0.0774556,2016-10-08 18:41:19,This is Rusty. He's going D1 for sure. Insane vertical. 13/10 would draft https://t.co/AsykOwMrXQ,Rusty,None,None,None,None,0.1419718309859155,11310,3712
48,785170936622350336,https://pbs.twimg.com/media/CuV8yfxXEAAUlye.jpg,2,Samoyed,0.0195303,2016-10-09 17:31:53,This is Hero. He was enjoying the car ride until he remembered that bees are dying globally at an alarming rate. 11/10 https://t.co/cubFg7F4qQ,Hero,None,None,None,None,0.11830985915492959,13491,5639
49,785533386513321988,https://pbs.twimg.com/media/CubGchjXEAA6gpw.jpg,2,Miniature Pinscher,0.436023,2016-10-10 17:32:08,This is Dallas. Her tongue is ridiculous. 11/10 h*ckin proud af https://t.co/h4jhlH4EyG,Dallas,None,None,None,None,0.11830985915492959,10183,2334
50,786363235746385920,https://pbs.twimg.com/media/Cum5LlfWAAAyPcS.jpg,1,Golden Retriever,0.929266,2016-10-13 00:29:39,This is Rizzo. He has many talents. A true renaissance doggo. 13/10 entertaining af https://t.co/TVXpEJB7Wn,Rizzo,doggo,None,None,None,0.1419718309859155,12189,4072
51,786664955043049472,https://pbs.twimg.com/media/CurLmoqXgAEPoJ-.jpg,1,Keeshond,0.464816,2016-10-13 20:28:35,"""Honestly Kathleen I just want more Ken Bone"" 12/10 https://t.co/HmlEvAMP4r",None,None,None,None,None,0.13014084507042253,11957,2996
52,786963064373534720,https://pbs.twimg.com/media/Cuvau3MW8AAxaRv.jpg,1,Golden Retriever,0.915303,2016-10-14 16:13:10,This is Rory. He's got an interview in a few minutes. Looking spiffy af. Nervous as h*ck tho. 12/10 would hire https://t.co/ibj5g6xaAj,Rory,None,None,None,None,0.13014084507042253,29725,9327
53,787397959788929025,https://pbs.twimg.com/media/Cu1mQsDWEAAU_VQ.jpg,1,Chihuahua,0.900483,2016-10-15 21:01:17,This is Moose. He's rather h*ckin dangerous (you can tell by the collar). 11/10 would still attempt to snug https://t.co/lHVHGdDzb3,Moose,None,None,None,None,0.11830985915492959,12120,3300
54,787810552592695296,https://pbs.twimg.com/media/Cu7dg2RXYAIaGXE.jpg,2,Pug,0.362835,2016-10-17 00:20:47,This is Frank. He wears sunglasses and walks himself. 11/10 I'll never be this cool or independent https://t.co/pNNjBtHWPc,Frank,None,None,None,None,0.11830985915492959,9717,3540
55,788150585577050112,https://pbs.twimg.com/media/CvASw6dWcAQmo3X.jpg,3,Pomeranian,0.112704,2016-10-17 22:51:57,This is Leo. He's a golden chow. Rather h*ckin rare. 13/10 would give extra pats https://t.co/xosHjFzVXc,Leo,None,None,None,None,0.1419718309859155,6865,1510
56,788908386943430656,https://pbs.twimg.com/media/CvLD-mbWYAAFI8w.jpg,1,Golden Retriever,0.0340897,2016-10-20 01:03:11,"This is Lucy. She destroyed not one, but two remotes trying to turn off the debate. 11/10 relatable af https://t.co/3BXh073tDm",Lucy,None,None,None,None,0.11830985915492959,30653,14409
57,789530877013393408,https://pbs.twimg.com/media/CvT6IV6WEAQhhV5.jpg,3,Schipperke,0.363272,2016-10-21 18:16:44,This is Rizzy. She smiles a lot. 12/10 contagious af https://t.co/TU4sZogVIq,Rizzy,None,None,None,None,0.13014084507042253,13188,3942
58,789599242079838210,https://pbs.twimg.com/media/CvU4UZpXgAE1pAV.jpg,2,Chesapeake Bay Retriever,0.8788219999999999,2016-10-21 22:48:24,This is Brownie. She's wearing a Halloween themed onesie. 12/10 festive af https://t.co/0R4meWXFOx,Brownie,None,None,None,None,0.13014084507042253,7620,2279
59,789628658055020548,https://pbs.twimg.com/media/CvVTEnPXYAAWLyL.jpg,1,Pomeranian,0.0798831,2016-10-22 00:45:17,This is Eli. He can fly. 13/10 magical af https://t.co/huPSJJ7FDI,Eli,None,None,None,None,0.1419718309859155,8448,2080
60,789986466051088384,https://pbs.twimg.com/media/CvaYgDOWgAEfjls.jpg,1,Golden Retriever,0.07853049999999999,2016-10-23 00:27:05,This is Happy. He's a bathtub reviewer. Seems to be pleased with this one. 12/10 https://t.co/Ln89R4FP7v,Happy,None,None,None,None,0.13014084507042253,10369,2704
61,790987426131050500,https://pbs.twimg.com/media/Cvom3ZJXEAE29TD.jpg,1,Cocker Spaniel,0.349195,2016-10-25 18:44:32,This is Misty. She has a cowboy hat on her nose. 12/10 https://t.co/Eno0mypHIr,Misty,None,None,None,None,0.13014084507042253,11089,2483
62,791406955684368384,https://pbs.twimg.com/media/CvukbEkWAAAV-69.jpg,4,Basenji,0.000152502,2016-10-26 22:31:36,Say hello to Levi. He's a Madagascan Butterbop. One of the more docile Butterbops I've seen. 12/10 would give all the pets https://t.co/Zcw9Sccctc,Levi,None,None,None,None,0.13014084507042253,14670,4797
63,791672322847637504,https://pbs.twimg.com/media/CvyVxQRWEAAdSZS.jpg,1,Golden Retriever,0.705092,2016-10-27 16:06:04,When she says you're a good boy and you know you're a good boy because you're a good boy. 13/10 https://t.co/O5IUmRHRIh,None,None,None,None,None,0.1419718309859155,13129,3661
64,792050063153438720,https://pbs.twimg.com/media/Cv3tU38WcAASFas.jpg,2,Komondor,0.942856,2016-10-28 17:07:05,This is Remus. He's a mop that came to life. Can't see anything. Constantly trips over himself. Still a very good dog. 11/10 https://t.co/S3f1SYylzu,Remus,None,None,None,None,0.11830985915492959,8029,2088
65,792773781206999040,https://pbs.twimg.com/media/CwB_i-zXEAEiP29.jpg,1,Yorkshire Terrier,0.912804,2016-10-30 17:02:53,This is Monster. Not an actual monster tho. He's showing you his tongue. Very impressive Monster. 12/10 would snug https://t.co/RhaPExuxJL,Monster,None,None,None,None,0.13014084507042253,8209,1963
66,793120401413079041,https://pbs.twimg.com/media/CwG6zDfWcAA8jBD.jpg,1,Labrador Retriever,0.7249439999999999,2016-10-31 16:00:13,"This is Robin. She's desperately trying to do me a frighten, but her tongue drastically decreases her spook value. Still 11/10 great effort https://t.co/sxMrsOZ8zb",Robin,None,None,None,None,0.11830985915492959,14202,4551
67,793195938047070209,https://pbs.twimg.com/media/CwH_foYWgAEvTyI.jpg,2,Labrador Retriever,0.654762,2016-10-31 21:00:23,Say hello to Lily. She's pupset that her costume doesn't fit as well as last year. 12/10 poor puppo https://t.co/YSi6K1firY,Lily,None,None,None,puppo,0.13014084507042253,17063,6547
68,793241302385262592,https://pbs.twimg.com/media/CwIougTWcAAMLyq.jpg,1,Golden Retriever,0.559308,2016-11-01 00:00:38,This is Tucker. He's out here bustin h*ckin ghosts. 13/10 dedicated af https://t.co/Ap477GhwXt,Tucker,None,None,None,None,0.1419718309859155,11780,3812
69,793256262322548741,https://pbs.twimg.com/media/CwI2XCvXEAEO8mc.jpg,1,Beagle,0.0412205,2016-11-01 01:00:05,Oh h*ck look at this spookling right here. Fright level off the charts. 12/10 sufficiently spooked https://t.co/BNy9IIJMb0,None,None,None,None,None,0.13014084507042253,22350,9714
70,793500921481273345,https://pbs.twimg.com/media/CwMU34YWIAAz1nU.jpg,2,Golden Retriever,0.326122,2016-11-01 17:12:16,This is Fiona. She's an extremely mediocre copilot. Very distracting. Wink makes up for all the missed turns. 12/10 https://t.co/aF5MmpvPqN,Fiona,None,None,None,None,0.13014084507042253,11953,2786
71,793845145112371200,https://pbs.twimg.com/media/CwRN8H6WgAASe4X.jpg,1,Old English Sheepdog,0.7652770000000001,2016-11-02 16:00:06,This is Clark. He was just caught wearing pants. 13/10 game-changing af https://t.co/2Xo19aPrG5,Clark,None,None,None,None,0.1419718309859155,10295,2187
72,794332329137291264,https://pbs.twimg.com/media/CwYJBiHXgAQlvrh.jpg,1,Samoyed,0.988307,2016-11-04 00:15:59,This is Nimbus (like the cloud). He just bought this fancy af duck raincoat. Only protects one ear tho. 12/10 so h*ckin floofy https://t.co/SIQbb8c3AU,Nimbus,None,None,None,None,0.13014084507042253,10686,3088
73,795464331001561088,https://pbs.twimg.com/ext_tw_video_thumb/795464066940764160/pu/img/jPkMMQXdydb7CqFX.jpg,1,Golden Retriever,0.193082,2016-11-07 03:14:10,Elder doggo does a splash. Both 13/10 incredible stuff https://t.co/gBUDjdEcqz,None,doggo,None,None,None,0.1419718309859155,55683,27728
74,796116448414461957,https://pbs.twimg.com/media/CwxfrguUUAA1cbl.jpg,1,Papillon,0.0171099,2016-11-08 22:25:27,I didn't believe it at first but now I can see that voter fraud is a serious h*ckin issue. 11/10 https://t.co/7i0bDMbrVN,None,None,None,None,None,0.11830985915492959,10139,2813
75,796484825502875648,https://pbs.twimg.com/media/Cw2uty8VQAAB0pL.jpg,1,Cocker Spaniel,0.116924,2016-11-09 22:49:15,Here's a sleepy doggo that requested some assistance. 12/10 would carry everywhere https://t.co/bvkkqOjNDV,None,doggo,None,None,None,0.13014084507042253,8472,2042
76,796759840936919040,https://pbs.twimg.com/media/Cw6o1JQXcAAtP78.jpg,1,American Staffordshire Terrier,0.463996,2016-11-10 17:02:03,Say hello to Romeo. He was just told that it's too cold for the pool. H*ckin nonsense. 11/10 would help fill up https://t.co/6hx7ur6sNI,Romeo,None,None,None,None,0.11830985915492959,13256,3562
77,797545162159308800,https://pbs.twimg.com/media/CxFzFAAUAAA5C9z.jpg,1,Papillon,0.00973566,2016-11-12 21:02:38,This is Cassie. She steals things. Guilt increases slightly each time. 12/10 would forgive almost immediately https://t.co/Ia19irLwyB,Cassie,None,None,None,None,0.13014084507042253,16198,5656
78,798209839306514432,https://pbs.twimg.com/media/CxPPnCYWIAAo_ao.jpg,1,Shih Tzu,0.102931,2016-11-14 17:03:50,This is Cooper. His bow tie was too heavy for the front so he moved it to the side. Balanced af now. 13/10 https://t.co/jG1PAFkB81,Cooper,None,None,None,None,0.1419718309859155,11548,2954
79,798925684722855936,https://pbs.twimg.com/media/CxZaqh_WQAA7lY3.jpg,1,West Highland White Terrier,0.539463,2016-11-16 16:28:21,This is Shadow. He's a firm believer that they're all good dogs. H*ckin passionate about it too. 11/10 I stand with Shadow https://t.co/8yvpacwBcu,Shadow,None,None,None,None,0.11830985915492959,8246,1663
80,799063482566066176,https://pbs.twimg.com/media/CxbX_n2WIAAHaLS.jpg,2,Norfolk Terrier,0.334436,2016-11-17 01:35:54,This is Mister. He only wears the most fashionable af headwear. 11/10 h*ckin stylish https://t.co/BXJFKOVnJm,Mister,None,None,None,None,0.11830985915492959,9058,2863
81,799757965289017345,https://pbs.twimg.com/media/CxlPnoSUcAEXf1i.jpg,1,Border Collie,0.442534,2016-11-18 23:35:32,This is Sobe. She's a h*ckin happy doggo. Only one leg tho. Must have good balance. 13/10 would smile back https://t.co/OiH8PaOxB1,Sobe,doggo,None,None,None,0.1419718309859155,9390,2506
82,800141422401830912,https://pbs.twimg.com/media/CxqsX-8XUAAEvjD.jpg,3,Golden Retriever,0.938048,2016-11-20 00:59:15,This is Peaches. She's the ultimate selfie sidekick. Super sneaky tongue slip appreciated. 13/10 https://t.co/pbKOesr8Tg,Peaches,None,None,None,None,0.1419718309859155,17092,2980
83,800388270626521089,https://pbs.twimg.com/media/CxuM3oZW8AEhO5z.jpg,2,Golden Retriever,0.35986,2016-11-20 17:20:08,This is Doc. He takes time out of every day to worship our plant overlords. 12/10 quite the floofer https://t.co/azMneS6Ly5,Doc,None,floofer,None,None,0.13014084507042253,12456,3265
84,800513324630806528,https://pbs.twimg.com/media/Cxv-nkJUoAAhzMt.jpg,1,Chihuahua,0.0007659339999999999,2016-11-21 01:37:04,This is Chef. Chef loves everyone and wants everyone to love each other. 11/10 https://t.co/ILHGs0e6Dm,Chef,None,None,None,None,0.11830985915492959,14685,3495
85,801167903437357056,https://pbs.twimg.com/media/Cx5R8wPVEAALa9r.jpg,1,Cocker Spaniel,0.74022,2016-11-22 20:58:07,This is Milo. I would do terrible things for Milo. 13/10 https://t.co/R6wJyC2Tey,Milo,None,None,None,None,0.1419718309859155,27386,6961
86,801538201127157760,https://pbs.twimg.com/media/Cx-itFWWIAAZu7l.jpg,1,Shetland Sheepdog,0.054229999999999993,2016-11-23 21:29:33,This is Wallace. He'll be your chau-fur this evening. 12/10 eyes on the road Wallace https://t.co/p1RD39XjUe,Wallace,None,None,None,None,0.13014084507042253,9141,2391
87,801958328846974976,https://pbs.twimg.com/media/CyEg2AXUsAA1Qpf.jpg,1,American Staffordshire Terrier,0.271916,2016-11-25 01:18:59,This is Ronnie. He hopes you're having a great day. Nifty tongue slip. 12/10 would pat head approvingly https://t.co/4fY2bsAm65,Ronnie,None,None,None,None,0.13014084507042253,8608,1992
88,802572683846291456,https://pbs.twimg.com/media/CyNPmJgXcAECPuB.jpg,1,Golden Retriever,0.610171,2016-11-26 18:00:13,This is Winnie. She's h*ckin ferocious. Dandelion doesn't even see her coming. 12/10 would pet with caution https://t.co/EFfLCP7oQv,Winnie,None,None,None,None,0.13014084507042253,9959,2926
89,802952499103731712,https://pbs.twimg.com/media/CySpCSHXcAAN-qC.jpg,1,Golden Retriever,0.0172398,2016-11-27 19:09:28,This is Marley. She's having a ruff day. Pretty pupset. 12/10 would assist https://t.co/yLm7hQ6UXh,Marley,None,None,None,None,0.13014084507042253,10085,2336
90,803276597545603072,https://pbs.twimg.com/media/CyXPzXRWgAAvd1j.jpg,1,Golden Retriever,0.0499882,2016-11-28 16:37:19,This is Winston. His selfie game is legendary. Will steal your girl with a single snap. 11/10 handsome as h*ck https://t.co/jxQhxoPsgL,Winston,None,None,None,None,0.11830985915492959,11207,2887
91,803638050916102144,https://pbs.twimg.com/ext_tw_video_thumb/803638023904559104/pu/img/vxm0Htm5iIV7EOAQ.jpg,1,Labrador Retriever,0.372776,2016-11-29 16:33:36,Pupper hath acquire enemy. 13/10 https://t.co/ns9qoElfsX,None,None,None,pupper,None,0.1419718309859155,12270,4828
92,803773340896923648,https://pbs.twimg.com/media/CyeTku-XcAALkBd.jpg,2,Miniature Pinscher,0.817066,2016-11-30 01:31:12,This is Diogi. He fell in the pool as soon as he was brought home. Clumsy puppo. 12/10 would pet until dry https://t.co/ZxeRjMKaWt,Diogi,None,None,None,puppo,0.13014084507042253,11203,3220
93,805520635690676224,https://pbs.twimg.com/media/Cy3IvdZXgAUoEaj.jpg,1,Border Terrier,0.109345,2016-12-04 21:14:20,This is Zeke the Wonder Dog. He never let that poor man keep his frisbees. One of the Spartans all time greatest receivers. 13/10 RIP Zeke https://t.co/zacX7S6GyJ,Zeke,None,None,None,None,0.1419718309859155,6368,1905
94,806542213899489280,https://pbs.twimg.com/media/CzFp3FNW8AAfvV8.jpg,1,Vizsla,0.938617,2016-12-07 16:53:43,This is Waffles. He's concerned that the dandruff shampoo he just bought is faulty. 11/10 tragic af https://t.co/BCB87qUU0h,Waffles,None,None,None,None,0.11830985915492959,11363,2752
95,806629075125202948,https://pbs.twimg.com/media/CzG425nWgAAnP7P.jpg,2,Cocker Spaniel,0.0464032,2016-12-07 22:38:52,"""Good afternoon class today we're going to learn what makes a good boy so good"" 13/10 https://t.co/f1h2Fsalv9",None,None,None,None,None,0.1419718309859155,75639,37911
96,807010152071229440,https://pbs.twimg.com/media/CzMTcZoXUAEKqEt.jpg,1,Golden Retriever,0.610807,2016-12-08 23:53:08,This is Lennon. He's a Boopershnoop Pupperdoop. Quite rare. Exceptionally pettable. 12/10 would definitely boop that shnoop https://t.co/fhgP6vSfhX,Lennon,None,None,None,None,0.13014084507042253,14514,4418
97,808001312164028416,https://pbs.twimg.com/media/CzaY5UdUoAAC91S.jpg,1,Labrador Retriever,0.730959,2016-12-11 17:31:39,This is Cooper. He likes to stick his tongue out at you and then laugh about it. 12/10 quite the jokester https://t.co/O9iGgvfuzl,Cooper,None,None,None,None,0.13014084507042253,14015,4098
98,808106460588765185,https://pbs.twimg.com/media/Czb4iFRXgAIUMiN.jpg,1,Golden Retriever,0.426183,2016-12-12 00:29:28,Here we have Burke (pupper) and Dexter (doggo). Pupper wants to be exactly like doggo. Both 12/10 would pet at same time https://t.co/ANBpEYHaho,None,doggo,None,pupper,None,0.13014084507042253,9701,2525
99,808501579447930884,https://pbs.twimg.com/media/Czhf4XtVQAAIqpd.jpg,2,Cocker Spaniel,0.219323,2016-12-13 02:39:32,This is Koda. He dug a hole and then sat in it because why not. Unamused by the bath that followed. 12/10 https://t.co/SQhyqrr8px,Koda,None,None,None,None,0.13014084507042253,12595,3007
100,808733504066486276,https://pbs.twimg.com/media/Czky0v9VIAEXRkd.jpg,1,Golden Retriever,0.016972499999999998,2016-12-13 18:01:07,Here's a pupper in a onesie. Quite pupset about it. Currently plotting revenge. 12/10 would rescue https://t.co/xQfrbNK3HD,None,None,None,pupper,None,0.13014084507042253,8784,2509
101,809084759137812480,https://pbs.twimg.com/media/CzpyM41UoAE1b2w.jpg,1,Vizsla,0.911412,2016-12-14 17:16:53,"This is Wallace. You said you brushed your teeth but he checked your toothbrush and it was bone dry. 11/10 not pupset, just disappointed https://t.co/nadm8yWZ4h",Wallace,None,None,None,None,0.11830985915492959,14685,4046
102,810254108431155201,https://pbs.twimg.com/media/Cz6Z0DgWIAAfdvp.jpg,1,American Staffordshire Terrier,0.261233,2016-12-17 22:43:27,"This is Gus. He likes to be close to you, which is good because you want to be close to Gus. 12/10 would boop then pet https://t.co/DrsrQkEfnb",Gus,None,None,None,None,0.13014084507042253,16380,3901
103,810284430598270976,https://pbs.twimg.com/media/Cz61ZD4W8AAcJEU.jpg,1,Tibetan Mastiff,0.028961700000000007,2016-12-18 00:43:57,This is Phil. He's a father. A very good father too. 13/10 everybody loves Phil https://t.co/9p6ECXJMMu,Phil,None,None,None,None,0.1419718309859155,39640,13369
104,810984652412424192,https://pbs.twimg.com/media/C0EyPZbXAAAceSc.jpg,1,Golden Retriever,0.8713420000000001,2016-12-19 23:06:23,"Meet Sam. She smiles 24/7 &amp; secretly aspires to be a reindeer. 
Keep Sam smiling by clicking and sharing this link:
https://t.co/98tB8y7y7t https://t.co/LouL5vdvxx",Sam,None,None,None,None,0.43538028169014087,5927,1655
105,811386762094317568,https://pbs.twimg.com/media/C0Kf9PtWQAEW4sE.jpg,1,Beagle,0.00196475,2016-12-21 01:44:13,This is Craig. That's actually a normal sized fence he's stuck on. H*ckin massive pupper. 11/10 someone help him https://t.co/aAUXzoxaBy,Craig,None,None,pupper,None,0.11830985915492959,23302,7444
106,811744202451197953,https://pbs.twimg.com/media/C0PlCQjXAAA9TIh.jpg,1,Labrador Retriever,0.202862,2016-12-22 01:24:33,This is Halo. She likes watermelon. 13/10 https://t.co/TZkiQZqwA6,Halo,None,None,None,None,0.1419718309859155,8429,1884
107,812372279581671427,https://pbs.twimg.com/media/C0YgO3DW8AAz98O.jpg,2,Golden Retriever,0.7848729999999999,2016-12-23 19:00:19,This is Moe. He's a fetty woof. Got a cardboard cutout of himself for Christmas. 13/10 inspirational af https://t.co/gCnAeL2mvT,Moe,None,None,None,None,0.1419718309859155,15224,4252
108,812466873996607488,https://pbs.twimg.com/media/C0Z2T_GWgAAxbL9.jpg,1,Great Dane,0.0782055,2016-12-24 01:16:12,This is Mary. She's desperately trying to recreate her Coachella experience.   12/10 downright h*ckin adorable https://t.co/BAJrfPvtux,Mary,None,None,None,None,0.13014084507042253,8900,2231
109,812781120811126785,https://pbs.twimg.com/media/C0eUHfWUAAANEYr.jpg,1,Boxer,0.00704296,2016-12-24 22:04:54,This is Swagger. He's the Cleveland Browns ambassador. Hype as h*ck after that first win today. 10/10 https://t.co/lXFM1l22bG,Swagger,None,None,None,None,0.10647887323943662,8380,2191
110,813051746834595840,https://pbs.twimg.com/media/C0iKPZIXUAAbDYV.jpg,1,Golden Retriever,0.914804,2016-12-25 16:00:16,This is Bauer. He had nothing to do with the cookies that disappeared. 13/10 very good boy https://t.co/AIMF8ouzvl,Bauer,None,None,None,None,0.1419718309859155,23337,8503
111,813066809284972545,https://pbs.twimg.com/media/C0iX8OOVEAEIpMC.jpg,1,Basenji,0.048873,2016-12-25 17:00:08,This is Tyr. He is disgusted by holiday traffic. Just trying to get to Christmas brunch on time. 12/10 hurry up pup https://t.co/syuTXARdtN,Tyr,None,None,None,None,0.13014084507042253,8865,2276
112,813081950185472002,https://pbs.twimg.com/media/C0ilsa1XUAEHK_k.jpg,2,Miniature Pinscher,0.0230041,2016-12-25 18:00:17,This is Baron. He's officially festive as h*ck. Thinks it's just a fancy scarf. 11/10 would pat head approvingly https://t.co/PjulYEXTvg,Baron,None,None,None,None,0.11830985915492959,10989,3220
113,813112105746448384,https://pbs.twimg.com/media/C0jBJZVWQAA2_-X.jpg,1,Basenji,0.0908189,2016-12-25 20:00:07,Meet Toby. He's pupset because his hat isn't big enough. Christmas is ruined. 12/10 it'll be ok Toby https://t.co/zfdaGZlweq,Toby,None,None,None,None,0.13014084507042253,11515,3225
114,813127251579564032,https://pbs.twimg.com/media/C0jO6aBWEAAM28r.jpg,1,Norwegian Elkhound,0.432416,2016-12-25 21:00:18,Here's an anonymous doggo that appears to be very done with Christmas. 11/10 cheer up pup https://t.co/BzITyGw3JA,None,doggo,None,None,None,0.11830985915492959,13242,3652
115,813142292504645637,https://pbs.twimg.com/media/C0jcmOKVQAAd0VR.jpg,3,Beagle,0.848735,2016-12-25 22:00:04,Everybody stop what you're doing and look at this dog with her tiny Santa hat. 13/10 https://t.co/KK4XQK9SPi,None,None,None,None,None,0.1419718309859155,9361,2728
116,813172488309972993,https://pbs.twimg.com/media/C0j4EESUsAABtMq.jpg,1,Golden Retriever,0.0261931,2016-12-26 00:00:03,This is Eleanor. She winks like she knows many things that you don't. 12/10 https://t.co/bxGwkJa2kE,Eleanor,None,None,None,None,0.13014084507042253,10384,2236
117,813187593374461952,https://pbs.twimg.com/media/C0kFzOQUoAAt6yb.jpg,1,Golden Retriever,0.888181,2016-12-26 01:00:05,We only rate dogs. Please don't send in other things like this very good Christmas tree. Thank you... 13/10 https://t.co/rvSANEsQZJ,None,None,None,None,None,0.1419718309859155,22085,5096
118,813202720496779264,https://pbs.twimg.com/media/C0kTjqIXgAAqpRi.jpg,1,Cocker Spaniel,0.701852,2016-12-26 02:00:11,Here's a doggo who has concluded that Christmas is entirely too bright. Requests you tone it down a notch. 11/10 https://t.co/cD967DjnIn,None,doggo,None,None,None,0.11830985915492959,10192,2090
119,813217897535406080,https://pbs.twimg.com/media/C0khWkVXEAI389B.jpg,1,Samoyed,0.905972,2016-12-26 03:00:30,Here is Atlas. He went all out this year. 13/10 downright magical af https://t.co/DVYIZOnO81,Atlas,None,None,None,None,0.1419718309859155,20783,8476
120,813812741911748608,https://pbs.twimg.com/media/C0s-XtzWgAAp1W-.jpg,1,French Bulldog,0.709146,2016-12-27 18:24:12,"Meet Gary, Carrie Fisher's dog. Idk what I can say about Gary that reflects the inspirational awesomeness that was Carrie Fisher. 14/10 RIP https://t.co/uBnQTNEeGg",Gary,None,None,None,None,0.15380281690140846,40402,16267
121,813910438903693312,https://pbs.twimg.com/media/C0uXObSXUAAIzmV.jpg,1,Siberian Husky,0.6993550000000001,2016-12-28 00:52:25,This is Chubbs. He dug a hole and now he's stuck in it. Dang h*ckin doggo. 11/10 would assist https://t.co/z1VRj1cYZf,Chubbs,doggo,None,None,None,0.11830985915492959,10342,2194
122,814530161257443328,https://pbs.twimg.com/media/C03K2-VWIAAK1iV.jpg,1,Soft Coated Wheaten Terrier,0.0416142,2016-12-29 17:54:58,This is Alf. Someone just rubbed a balloon on his head. He's only a little pupset about it. 12/10 would pet well https://t.co/IOdgfnSE9G,Alf,None,None,None,None,0.13014084507042253,9629,2156
123,814638523311648768,https://pbs.twimg.com/media/C04taUjWIAA6Mo4.jpg,2,Golden Retriever,0.650814,2016-12-30 01:05:33,This is Olivia. She's a passionate advocate of candid selfies. 12/10 would boop shnoop https://t.co/0LdNjoiNbv,Olivia,None,None,None,None,0.13014084507042253,12511,3130
124,814986499976527872,https://pbs.twimg.com/media/C09p5dJWIAE5qKL.jpg,1,Dalmatian,0.999828,2016-12-31 00:08:17,This is Cooper. Someone attacked him with a sharpie. Poor pupper. 11/10 nifty tongue slip tho https://t.co/01vpuRDXQ8,Cooper,None,None,pupper,None,0.11830985915492959,8485,1505
125,815736392542261248,https://pbs.twimg.com/media/C1IT6rVXUAIvwYT.jpg,3,Border Collie,0.5489069999999999,2017-01-02 01:48:06,This is Akumi. It's his birthday. He received many lickable gifts. 11/10 happy h*ckin birthday https://t.co/gd9UlLOCQ0,Akumi,None,None,None,None,0.11830985915492959,10937,2625
126,815966073409433600,https://pbs.twimg.com/ext_tw_video_thumb/815965888126062592/pu/img/JleSw4wRhgKDWQj5.jpg,1,Tibetan Mastiff,0.506312,2017-01-02 17:00:46,Here's a pupper with squeaky hiccups. Please enjoy. 13/10 https://t.co/MiMKtsLN6k,None,None,None,pupper,None,0.1419718309859155,25057,9907
127,816091915477250048,https://pbs.twimg.com/media/C1NXQ6NXUAEAxIQ.jpg,3,Pomeranian,0.967345,2017-01-03 01:20:49,This is Comet. He's a Wild Estonian Poofer. Surprised they caught him. 12/10 would pet well https://t.co/tlfuZ25IMi,Comet,None,None,None,None,0.13014084507042253,9927,2500
128,816336735214911488,https://pbs.twimg.com/media/C1Q17WdWEAAjKFO.jpg,1,Labrador Retriever,0.91933,2017-01-03 17:33:39,This is Dudley. He found a flower and now he's a queen. 11/10 would be an honor to pet https://t.co/nuJxtmlLcY,Dudley,None,None,None,None,0.11830985915492959,9564,2269
129,816816676327063552,https://pbs.twimg.com/media/C1XqbhXXUAElpfI.jpg,1,Siberian Husky,0.077875,2017-01-05 01:20:46,This is Timber. He misses Christmas. Specifically the presents part. 12/10 cheer pup Timber https://t.co/dVVavqpeF9,Timber,None,None,None,None,0.13014084507042253,11071,2361
130,817120970343411712,https://pbs.twimg.com/media/C1b_LSYUsAAJ494.jpg,1,Saluki,0.568809,2017-01-05 21:29:55,Name a more iconic quartet... I'll wait. 13/10 for all https://t.co/kCLgD8687T,None,None,None,None,None,0.1419718309859155,13367,3011
131,817171292965273600,https://pbs.twimg.com/media/C1cs8uAWgAEwbXc.jpg,1,Golden Retriever,0.295483,2017-01-06 00:49:53,This is Tebow. He kindly requests that you put down the coffee and play with him. 13/10 such a good boy https://t.co/56uBP28eqw,Tebow,None,None,None,None,0.1419718309859155,9690,2326
132,817415592588222464,https://pbs.twimg.com/media/C1gLJVpWgAApI3r.jpg,1,Miniature Pinscher,0.0859928,2017-01-06 17:00:38,"Meet Strudel. He's rather h*ckin pupset that your clothes clash. 11/10 click the link to see how u can help Strudel

https://t.co/3uxgLz8d0l https://t.co/O0ECL1StB2",Strudel,None,None,None,None,0.11830985915492959,6267,1131
133,817777686764523521,https://pbs.twimg.com/ext_tw_video_thumb/817777588030476288/pu/img/KbuLpE4krHF4VdPf.jpg,1,Irish Water Spaniel,0.029769,2017-01-07 16:59:28,"This is Dido. She's playing the lead role in ""Pupper Stops to Catch Snow Before Resuming Shadow Box with Dried Apple."" 13/10 (IG: didodoggo) https://t.co/m7isZrOBX7",Dido,doggo,None,pupper,None,0.1419718309859155,11901,3084
134,818259473185828864,https://pbs.twimg.com/media/C1sKo_QUkAALtkw.jpg,1,Miniature Schnauzer,0.367368,2017-01-09 00:53:55,This is Florence. He saw the same snap you sent him on your story. Pretty pupset with you. 12/10 https://t.co/rnkvT2kvib,Florence,None,None,None,None,0.13014084507042253,12197,2621
135,818614493328580609,https://pbs.twimg.com/media/C1xNgraVIAA3EVb.jpg,4,Chihuahua,0.450722,2017-01-10 00:24:38,This is Bear. He's a passionate believer of the outdoors. Leaves excite him. 12/10 would hug softly https://t.co/FOF0hBDxP8,Bear,None,None,None,None,0.13014084507042253,10971,2982
136,819004803107983360,https://pbs.twimg.com/media/C12whDoVEAALRxa.jpg,1,Tibetan Terrier,0.0947592,2017-01-11 02:15:36,This is Bo. He was a very good First Doggo. 14/10 would be an absolute honor to pet https://t.co/AdPKrI8BZ1,Bo,doggo,None,None,None,0.15380281690140846,95450,42228
137,819227688460238848,https://pbs.twimg.com/media/C157Oq3WQAEOyHm.jpg,1,Border Terrier,0.4824520000000001,2017-01-11 17:01:16,This is Finn. He's wondering if you come here often. Fr*ckin flirtatious af. 12/10 would give number to https://t.co/ii5eNX5LJT,Finn,None,None,None,None,0.13014084507042253,25652,7733
138,819588359383371776,https://pbs.twimg.com/media/C1_DQn3UoAIoJy7.jpg,1,Basenji,0.116442,2017-01-12 16:54:26,This is Jazzy. She just found out that sandwich wasn't for her. Shocked and puppalled. 13/10 deep breaths Jazzy https://t.co/52cItP0vIO,Jazzy,None,None,None,None,0.1419718309859155,10606,2271
139,819952236453363712,https://pbs.twimg.com/media/C2EONHNWQAUWxkP.jpg,1,American Staffordshire Terrier,0.925505,2017-01-13 17:00:21,"This is Oliver. He has dreams of being a service puppo so he can help his owner. 13/10 selfless af

make it happen:
https://t.co/f5WMsx0a9K https://t.co/6lJz0DKZIb",Oliver,None,None,None,puppo,0.1419718309859155,5927,1369
140,820314633777061888,https://pbs.twimg.com/media/C2JXyARUAAE4gbL.jpg,2,Gordon Setter,0.940724,2017-01-14 17:00:24,"We are proud to support @LoveYourMelon on their mission to put a hat on every kid battling cancer. They are 14/10

https://t.co/XQlmPTLHPl https://t.co/ZNIkkHgtYE",None,None,None,None,None,0.15380281690140846,3706,648
141,820690176645140481,https://pbs.twimg.com/media/C2OtWr0VQAEnS9r.jpg,2,West Highland White Terrier,0.872064,2017-01-15 17:52:40,The floofs have been released I repeat the floofs have been released. 84/70 https://t.co/NIYC820tmd,None,None,None,None,None,0.11552609776304888,13518,3716
142,820749716845686786,https://pbs.twimg.com/media/C2PjgjQXcAAc4Uu.jpg,2,Golden Retriever,0.8380120000000001,2017-01-15 21:49:15,Meet Sunny. He can take down a polar bear in one fell swoop. Fr*cken deadly af. 13/10 would pet with caution https://t.co/EMq8Ud6Ze1,Sunny,None,None,None,None,0.1419718309859155,34984,11525
143,821044531881721856,https://pbs.twimg.com/media/C2Tvo20XcAAhNL9.jpg,1,Old English Sheepdog,0.14802,2017-01-16 17:20:45,This is Flash. He went way too hard celebrating Martin Luther King Day last night. 12/10 now he's having a dream in his honor https://t.co/bryVdNaRcu,Flash,None,None,None,None,0.13014084507042253,14021,2636
144,821107785811234820,https://pbs.twimg.com/media/C2UpLA-UcAEK_Fz.jpg,1,Pomeranian,0.85659,2017-01-16 21:32:06,Here's a doggo who looks like he's about to give you a list of mythical ingredients to go collect for his potion. 11/10 would obey https://t.co/8SiwKDlRcl,None,doggo,None,None,None,0.11830985915492959,10645,2487
145,821149554670182400,https://pbs.twimg.com/ext_tw_video_thumb/821149477142556673/pu/img/88_DV098c60pC5AA.jpg,1,Irish Setter,0.0910551,2017-01-17 00:18:04,This is Luca. He got caught howling. H*ckin embarrassed. 12/10 https://t.co/r8DxA8DYJ2,Luca,None,None,None,None,0.13014084507042253,9718,2320
146,821407182352777218,https://pbs.twimg.com/ext_tw_video_thumb/821407155391725568/pu/img/AJC07gFJDDBuwNTD.jpg,1,Irish Setter,0.5054960000000001,2017-01-17 17:21:47,This is Sundance. He's a doggo drummer. Even sings a bit on the side. 14/10 entertained af (vid by @sweetsundance) https://t.co/Xn5AQtiqzG,Sundance,doggo,None,None,None,0.15380281690140846,13075,5053
147,821522889702862852,https://pbs.twimg.com/media/C2aitIUXAAAG-Wi.jpg,1,Miniature Pinscher,0.08765389999999999,2017-01-18 01:01:34,This is Harlso. He has a really good idea but isn't sure you're going to like it. 13/10 he'll just keep it to himself https://t.co/IzcaR3Nqyn,Harlso,None,None,None,None,0.1419718309859155,8871,2030
148,821765923262631936,https://pbs.twimg.com/media/C2d_vnHWEAE9phX.jpg,1,Golden Retriever,0.980071,2017-01-18 17:07:18,This is Duchess. She uses dark doggo forces to levitate her toys. 13/10 magical af https://t.co/maDNMETA52,Duchess,doggo,None,None,None,0.1419718309859155,9317,1899
149,821886076407029760,https://pbs.twimg.com/media/C2ftAxnWIAEUdAR.jpg,1,Golden Retriever,0.26623800000000003,2017-01-19 01:04:45,This is Jimison. He was just called a good boy. 13/10 https://t.co/djMep7mGkV,Jimison,None,None,None,None,0.1419718309859155,12582,2692
150,822489057087389700,https://pbs.twimg.com/media/C2oRbOuWEAAbVSl.jpg,1,Samoyed,0.416769,2017-01-20 17:00:46,This is Paisley. She really wanted to be president this time. Dreams officially crushed. 13/10 https://t.co/liJGwMp17E,Paisley,None,None,None,None,0.1419718309859155,20083,7390
151,822610361945911296,https://pbs.twimg.com/media/C2p_wQyXEAELtvS.jpg,1,Cocker Spaniel,0.6644869999999999,2017-01-21 01:02:48,Please stop sending in non-canines like this Very Pettable Dozing Bath Tortoise. We only rate dogs. Only send dogs... 12/10 https://t.co/mcagPeENIh,None,None,None,None,None,0.13014084507042253,16327,3423
152,822872901745569793,https://pbs.twimg.com/media/C2tugXLXgAArJO4.jpg,1,Lakeland Terrier,0.196015,2017-01-21 18:26:02,Here's a super supportive puppo participating in the Toronto  #WomensMarch today. 13/10 https://t.co/nTz3FtorBc,None,None,None,None,puppo,0.1419718309859155,132810,48265
153,823322678127919110,https://pbs.twimg.com/media/C20HmaKWgAQ6-6X.jpg,2,Chihuahua,0.00183635,2017-01-23 00:13:17,This is Wyatt. He's got the fastest paws in the West. H*ckin deadly. 11/10 would ride into the sunset with https://t.co/stkJ377KK7,Wyatt,None,None,None,None,0.11830985915492959,17437,4637
154,823699002998870016,https://pbs.twimg.com/media/C25d3nkXEAAFBUN.jpg,1,Norfolk Terrier,0.107543,2017-01-24 01:08:40,This is Winston. The goggles make him a superhero. Protects the entire city from criminals unless they rub his belly really well. 12/10 https://t.co/yCydYURYEL,Winston,None,None,None,None,0.13014084507042253,13826,2772
155,823939628516474880,https://pbs.twimg.com/media/C284uD8WgAEmMVn.jpg,1,Schipperke,0.23407600000000006,2017-01-24 17:04:50,This is Cash. He's officially given pup on today. 12/10 frighteningly relatable https://t.co/m0hrATIEyw,Cash,None,None,None,None,0.13014084507042253,11755,3123
156,824325613288833024,https://pbs.twimg.com/media/C3CXxaoWQAAiLuC.jpg,1,Basenji,0.000262264,2017-01-25 18:38:36,Retweet the h*ck out of this 13/10 pupper #BellLetsTalk https://t.co/wBmc7OaGvS,None,None,None,pupper,None,0.1419718309859155,12999,11848
157,824663926340194305,https://pbs.twimg.com/media/C3HLd0HXUAAUI2b.jpg,1,English Setter,0.526488,2017-01-26 17:02:56,This is Wilson. Named after the volleyball. He tongue wrestled a bee and lost. 13/10 valiant effort tho https://t.co/A5Mx4h1FSM,Wilson,None,None,None,None,0.1419718309859155,11113,1993
158,825829644528148480,https://pbs.twimg.com/media/C3XvqILXUAU2nnT.jpg,2,Great Pyrenees,0.8534069999999999,2017-01-29 22:15:05,This is Toby. He just found out you only pretend to throw the ball sometimes. H*ckin puppalled. 12/10 would console https://t.co/YimNdkZrhM,Toby,None,None,None,None,0.13014084507042253,14025,2848
159,826115272272650244,https://pbs.twimg.com/media/C3bzVILWcAUjS5i.jpg,1,Golden Retriever,0.00233085,2017-01-30 17:10:04,This is Ike. He's demonstrating the pupmost restraint. 13/10 super good boy https://t.co/6gHoGah9nm,Ike,None,None,None,None,0.1419718309859155,17299,3599
160,826204788643753985,https://pbs.twimg.com/media/C3dEza1WcAAhlNU.jpg,2,Labrador Retriever,0.782058,2017-01-30 23:05:46,"Here's a little more info on Dew, your favorite roaming doggo that went h*ckin viral. 13/10 
https://t.co/1httNYrCeW https://t.co/KvaM8j3jhX",None,doggo,None,None,None,0.1419718309859155,5361,1075
161,827199976799354881,https://pbs.twimg.com/media/C3rN-lcWEAA9CmR.jpg,4,Great Dane,0.8696809999999999,2017-02-02 17:00:17,This is Charlie. He wins every game of chess he plays. Won't let opponent pet him until they forfeit. 13/10 you win again Charlie https://t.co/UkyQibIBzZ,Charlie,None,None,None,None,0.1419718309859155,11659,2579
162,827324948884643840,https://pbs.twimg.com/media/C3s_pYrXAAA1eqZ.jpg,1,Golden Retriever,0.352486,2017-02-03 01:16:53,"This is Ralphie. He's being treated for an overactive funny bone, which is no joke. 12/10 would try to pet with a straight face https://t.co/UU3KqQF5n5",Ralphie,None,None,None,None,0.13014084507042253,17523,3510
163,827600520311402496,https://pbs.twimg.com/media/C3w6RYbWQAAEQ25.jpg,1,Golden Retriever,0.317235,2017-02-03 19:31:54,Meet Tucker. It's his birthday. He's pupset with you because you're too busy playing @GoodDogsGame to celebrate. 13/10 would put down phone https://t.co/vrppizPGdb,Tucker,None,None,None,None,0.1419718309859155,8143,1082
164,827653905312006145,https://pbs.twimg.com/media/C3xq1ZeWEAEuzw3.jpg,1,Collie,0.285555,2017-02-03 23:04:02,This is Boots. She doesn't know what to do with treats so she just holds them. Very good girl. 12/10 would give more treats https://t.co/eAA8lratd3,Boots,None,None,None,None,0.13014084507042253,16983,3433
165,828372645993398273,https://pbs.twimg.com/media/C374hb0WQAAIbQ-.jpg,1,Tibetan Mastiff,0.040948800000000014,2017-02-05 22:40:03,This is Alexander Hamilpup. He was one of the many stars in this year's Puppy Bowl. He just hopes both teams had fun. 12/10 https://t.co/JcTuUcyYNS,Alexander,None,None,None,None,0.13014084507042253,13756,3344
166,828376505180889089,https://pbs.twimg.com/media/C378BwxWMAA6CNK.jpg,1,American Staffordshire Terrier,0.5230859999999999,2017-02-05 22:55:23,"This is Beebop. Her name means ""Good Dog"" in robot. She also was a star on the field today. 13/10 would pet well https://t.co/HKBVZqXFNR",Beebop,None,None,None,None,0.1419718309859155,8112,1216
167,828408677031882754,https://pbs.twimg.com/media/C38ZSzlWIAEpQzs.jpg,1,Weimaraner,0.13303299999999998,2017-02-06 01:03:14,This is Bear. He went outside to play in the snow. Needed a break from the game. Feeling a tad better now. 12/10  deep breaths Bear https://t.co/7WFLKli2T3,Bear,None,None,None,None,0.13014084507042253,8398,1477
168,828650029636317184,https://pbs.twimg.com/media/C3_0yhCWEAETXj2.jpg,1,Golden Retriever,0.649209,2017-02-06 17:02:17,"Occasionally, we're sent fantastic stories. This is one of them. 14/10 for Grace https://t.co/bZ4axuH6OK",one,None,None,None,None,0.15380281690140846,10467,1544
169,829374341691346946,https://pbs.twimg.com/media/C4KHj-nWQAA3poV.jpg,1,American Staffordshire Terrier,0.14995,2017-02-08 17:00:26,This is Astrid. She's a guide doggo in training. 13/10 would follow anywhere https://t.co/xo7FZFIAao,Astrid,doggo,None,None,None,0.1419718309859155,38074,10706
170,829501995190984704,https://pbs.twimg.com/media/C4L7p19W8AA3Fs_.jpg,1,French Bulldog,0.950851,2017-02-09 01:27:41,This is Leo. He was a skater pup. She said see ya later pup. He wasn't good enough for her. 12/10 you're good enough for me Leo https://t.co/Xw9JbJHTul,Leo,None,None,None,None,0.13014084507042253,34913,12224
171,829861396166877184,https://pbs.twimg.com/media/C4RCiIHWYAAwgJM.jpg,1,Border Terrier,0.394486,2017-02-10 01:15:49,This is Mia. She already knows she's a good dog. You don't have to tell her. 12/10 would probably tell her anyway https://t.co/xeudgDXmTU,Mia,None,None,None,None,0.13014084507042253,13441,2243
172,830583320585068544,https://pbs.twimg.com/media/C4bTH6nWMAAX_bJ.jpg,1,Labrador Retriever,0.908703,2017-02-12 01:04:29,This is Lilly. She just parallel barked. Kindly requests a reward now. 13/10 would pet so well https://t.co/SATN4If5H5,Lilly,None,None,None,None,0.1419718309859155,73397,19297
173,830956169170665475,https://pbs.twimg.com/ext_tw_video_thumb/830956118893543424/pu/img/t2G0raF7pDPRMAH5.jpg,1,Kuvasz,0.451516,2017-02-13 01:46:03,Say hello to Reggie. He hates puns. 12/10 lighten pup Reggie https://t.co/X4vNEzAod5,Reggie,None,None,None,None,0.13014084507042253,8735,1735
174,831309418084069378,https://pbs.twimg.com/media/C4lngK5VUAEVrNO.jpg,1,Labrador Retriever,0.0747273,2017-02-14 01:09:44,This is Scooter and his son Montoya.  Scooter is a wonderful father. He takes very good care of Montoya. Both 12/10 would pet at same time https://t.co/ghqMfxxa4V,Scooter,None,None,None,None,0.13014084507042253,12819,2786
175,831552930092285952,https://pbs.twimg.com/media/C4pE-I0WQAABveu.jpg,1,Chihuahua,0.257415,2017-02-14 17:17:22,This is Dutch. He dressed up as his favorite emoji for Valentine's Day. I've got heart eyes for his heart eyes. 13/10 https://t.co/BCbmFYLrse,Dutch,None,None,None,None,0.1419718309859155,9872,2632
176,831650051525054464,https://pbs.twimg.com/media/C4qdThOWAAI3WX3.jpg,1,Siberian Husky,0.180335,2017-02-14 23:43:18,"I usually only share these on Friday's, but this is Blue. He's a very smoochable pooch who needs your help. 13/10

https://t.co/piiX0ke8Z6 https://t.co/1UHrKcaCiO",None,None,None,None,None,0.1419718309859155,7908,2243
177,832032802820481025,https://pbs.twimg.com/media/C4v5a4UWcAIRygc.jpg,1,Whippet,0.601712,2017-02-16 01:04:13,"This is Miguel. He was the only remaining doggo at the adoption center after the weekend. Let's change that. 12/10

https://t.co/P0bO8mCQwN https://t.co/SU4K34NT4M",Miguel,doggo,None,None,None,0.13014084507042253,13887,4746
178,832273440279240704,https://pbs.twimg.com/ext_tw_video_thumb/832273373149413377/pu/img/qOqxM0b48fEarmq6.jpg,1,Pug,0.0443109,2017-02-16 17:00:25,Say hello to Smiley. He's a blind therapy doggo having a h*ckin blast high steppin around in the snow. 14/10 would follow anywhere https://t.co/SHAb1wHjMz,Smiley,doggo,None,None,None,0.15380281690140846,12385,2673
179,833479644947025920,https://pbs.twimg.com/media/C5EdT4jWEAARv2C.jpg,3,Golden Retriever,0.727039,2017-02-20 00:53:27,This is Poppy. She just arrived. 13/10 would snug passionately https://t.co/YGeSpyN8Gu,Poppy,None,None,None,None,0.1419718309859155,16258,2357
180,833722901757046785,https://pbs.twimg.com/media/C5H6jmgW8AAevqq.jpg,1,West Highland White Terrier,0.918144,2017-02-20 17:00:04,This is Bronte. She's fairly h*ckin aerodynamic. Also patiently waiting for mom to make her a main character. 13/10 would be an honor to pet https://t.co/w1MQWO2PET,Bronte,None,None,None,None,0.1419718309859155,22585,3636
181,833863086058651648,https://pbs.twimg.com/media/C5J6DIpWQAEosSz.jpg,1,Kuvasz,0.494969,2017-02-21 02:17:06,This is Bentley. Hairbrushes are his favorite thing in the h*ckin world. 12/10 impawsible to say no to https://t.co/HDloTYilWZ,Bentley,None,None,None,None,0.13014084507042253,14661,2729
182,834086379323871233,https://pbs.twimg.com/media/C5NFIsjWQAEI93t.jpg,1,Labrador Retriever,0.0452627,2017-02-21 17:04:24,This is Lipton. He's a West Romanian Snuggle Pup. Only a few left of his kind. 12/10 would boop https://t.co/5KmXPIGgAG,Lipton,None,None,None,None,0.13014084507042253,14296,2512
183,834209720923721728,https://pbs.twimg.com/media/C5O1UAaWIAAMBMd.jpg,1,Golden Retriever,0.754799,2017-02-22 01:14:30,This is Wilson. He's aware that he has something on his face. Waiting for you to get it for him. 12/10 https://t.co/FaeinVjzTZ,Wilson,None,None,None,None,0.13014084507042253,22594,5476
184,834931633769889797,https://pbs.twimg.com/media/C5ZF4p-XEAEmApg.jpg,1,Soft Coated Wheaten Terrier,0.196476,2017-02-24 01:03:08,This is Tucker. He decided it was time to part ways with his favorite ball. We captured the emotional farewell on camera. 12/10 https://t.co/jTe7Y6P0HK,Tucker,None,None,None,None,0.13014084507042253,11838,1878
185,835297930240217089,https://pbs.twimg.com/media/C5eTCOVUsAAWhvc.jpg,1,Rottweiler,0.341276,2017-02-25 01:18:40,Meet Ash. He's a Benebop Cumberplop. Quite rare. Fairly portable. Lil sandy tho. Clearly knows something you don't. 12/10 would hug softly https://t.co/1U0z6r5LSO,Ash,None,None,None,None,0.13014084507042253,17847,3381
186,835574547218894849,https://pbs.twimg.com/media/C5iOnigWcAAU3Ry.jpg,1,American Staffordshire Terrier,0.109544,2017-02-25 19:37:50,This is Eli. He works backstage at Bone Jovi concerts. Heavy duty earmuffs for puptection. H*ckin safe boy. 11/10 https://t.co/cVQEnUQd8q,Eli,None,None,None,None,0.11830985915492959,19447,4121
187,836753516572119041,https://pbs.twimg.com/media/C5y-4VwWcAIcaoj.jpg,1,Schipperke,0.0115635,2017-03-01 01:42:39,This is Meera. She just heard about taxes and how much a doghouse in a nice area costs. Not pupared to be a  doggo anymore. 12/10 https://t.co/GZmNEdyoJY,Meera,doggo,None,None,None,0.13014084507042253,21029,5237
188,837366284874571778,https://pbs.twimg.com/media/C57sMJwXMAASBSx.jpg,1,American Staffordshire Terrier,0.660085,2017-03-02 18:17:34,This is Lucy. She has a portrait of herself on her ear. Excellent for identification pupposes. 13/10 innovative af https://t.co/uNmxbL2lns,Lucy,None,None,None,None,0.1419718309859155,23074,6005
189,837820167694528512,https://pbs.twimg.com/media/C6CI_jbVAAA3-a1.jpg,1,Golden Retriever,0.887625,2017-03-04 00:21:08,"Here's a pupper before and after being asked ""who's a good girl?"" Unsure as h*ck. 12/10 hint hint it's you https://t.co/ORiK6jlgdH",None,None,None,pupper,None,0.13014084507042253,37277,8952
190,838083903487373313,https://pbs.twimg.com/media/C6F42cGUYAAIKsX.jpg,2,Pomeranian,0.017981,2017-03-04 17:49:08,This is Daisy. She's puppears to be rare as all h*ck. Only seven like her currently domesticated. 13/10 pettable af https://t.co/meUc8jufAO,Daisy,None,None,None,None,0.1419718309859155,19183,3582
191,838476387338051585,https://pbs.twimg.com/media/C6Ld0wYWgAQQqMC.jpg,3,Great Pyrenees,0.997692,2017-03-05 19:48:43,This is Stanley. Somehow he heard you tell him he's a good boy from all the way up there. 13/10 I love you Stanley https://t.co/51FXNuouHI,Stanley,None,None,None,None,0.1419718309859155,24664,5484
192,838561493054533637,https://pbs.twimg.com/media/C6MrOsEXQAENOds.jpg,1,Dalmatian,0.13282,2017-03-06 01:26:54,This is Walter. His owner has been watching all the Iditarod coverage and is convinced Walter can be a sled dog. 13/10 Walter isn't so sure https://t.co/0av1PEehFI,Walter,None,None,None,None,0.1419718309859155,11892,1504
193,838921590096166913,https://pbs.twimg.com/media/C6Ryuf7UoAAFX4a.jpg,1,Border Terrier,0.664538,2017-03-07 01:17:48,This is Arlo. He's officially the king of snowy tongue slips. 13/10 would comfort during inevitable brain freeze https://t.co/oXVu9pNZZv,Arlo,None,None,None,None,0.1419718309859155,12183,2357
194,839239871831150596,https://pbs.twimg.com/media/C6WUNadWYAAPxHv.jpg,3,Newfoundland,0.0500091,2017-03-07 22:22:32,This is Odie. He's big. 13/10 would attempt to ride https://t.co/JEXB9RwBmm,Odie,None,None,None,None,0.1419718309859155,29684,7422
195,840632337062862849,https://pbs.twimg.com/media/C6qGphPV4AEKrdc.jpg,1,Golden Retriever,0.711148,2017-03-11 18:35:42,"Say hello to Maddie and Gunner. They are considerably pupset about bath time. Both 12/10 but Gunner needs your help

https://t.co/JesYTzb1Jo https://t.co/5cncH08G1o",Maddie,None,None,None,None,0.13014084507042253,9761,1972
196,841314665196081154,https://pbs.twimg.com/ext_tw_video_thumb/841311812641533952/pu/img/sBUGt8u76n9azPWI.jpg,1,Afghan Hound,0.903712,2017-03-13 15:47:01,This is Max. There's no way in h*ck you're taking his pacifier. Binky promises it's not happening. 13/10 very good stubborn boy https://t.co/9lVAqDEvZ5,Max,None,None,None,None,0.1419718309859155,17305,5312
197,842115215311396866,https://pbs.twimg.com/media/C6_LTCZWoAAKm_O.jpg,1,Newfoundland,0.181336,2017-03-15 20:48:07,This is Bentley. It's his first time going to the beach. I think he's a fan. 12/10 would build sand castles with https://t.co/iDK4OyQJoy,Bentley,None,None,None,None,0.13014084507042253,15204,3386
198,842535590457499648,https://pbs.twimg.com/media/C7FJpgVW4AIDzi6.jpg,1,Basenji,0.000159824,2017-03-17 00:38:32,This is Winnie. She lost her body saving a children's hospital from an avalanche. 13/10 what a h*ckin hero https://t.co/Tf0rh9ZgZe,Winnie,None,None,None,None,0.1419718309859155,19637,3937
199,842765311967449089,https://pbs.twimg.com/media/C7IalMVX0AATKRD.jpg,1,Labrador Retriever,0.0293399,2017-03-17 15:51:22,"Meet Indie. She's not a fan of baths but she's definitely a fan of hide &amp; seek. 12/10 click the link to help Indie

https://t.co/fvGkIuAlFK https://t.co/kiCFtmJd7l",Indie,None,None,None,None,0.13014084507042253,7321,1439
200,842846295480000512,https://pbs.twimg.com/media/C7JkO0rX0AErh7X.jpg,1,Labrador Retriever,0.461076,2017-03-17 21:13:10,This is Charlie. He's wishing you a very fun and safe St. Pawtrick's Day. 13/10 festive af https://t.co/nFpNgCWWYs,Charlie,None,None,None,None,0.1419718309859155,16440,4023
201,843235543001513987,https://pbs.twimg.com/media/C7PGQJAWwAAibui.jpg,1,Chihuahua,0.00526936,2017-03-18 22:59:54,This is Tycho. She just had new wheels installed. About to do a zoom. 0-60 in 2.4 seconds. 13/10 inspirational as h*ck https://t.co/DKwp2ByMsL,Tycho,None,None,None,None,0.1419718309859155,23315,6852
202,843604394117681152,https://pbs.twimg.com/media/C7UVuE_U0AI8GGl.jpg,1,Labrador Retriever,0.430583,2017-03-19 23:25:35,This is Hank. He's been outside for 3 minutes and already made a friend. Way to go Hank. 11/10 for both https://t.co/wHUElL84RC,Hank,None,None,None,None,0.11830985915492959,18310,3081
203,843856843873095681,https://pbs.twimg.com/media/C7X7Ui0XgAA3m19.jpg,1,Labrador Retriever,0.92254,2017-03-20 16:08:44,Say hello to Sadie and Daisy. They do all their shopping together. Can never agree on what to get. Like an old married pupple. Both 12/10 https://t.co/f5C5l5wa0e,Sadie,None,None,None,None,0.13014084507042253,23211,5220
204,844223788422217728,https://pbs.twimg.com/media/C7dJCnqU4AAswat.jpg,1,Labrador Retriever,0.71951,2017-03-21 16:26:50,This is Margo. She just dug pup a massive hole. Can't wait for you to see it. H*ckin proud of herself. 12/10 would forgive then pet https://t.co/H38HB6rBTx,Margo,None,None,None,None,0.13014084507042253,14753,2450
205,844704788403113984,https://pbs.twimg.com/media/C7j-hkSW0AIxCZC.jpg,1,Labrador Retriever,0.980213,2017-03-23 00:18:10,This is Luna. It's her first time outside and a bee stung her nose. Completely h*ckin uncalled for. 13/10 where's the bee I just wanna talk https://t.co/2RYiLGHuPN,Luna,None,None,None,None,0.1419718309859155,42022,11633
206,844973813909606400,https://pbs.twimg.com/media/C7nzMwTV4AARz4t.jpg,1,Labrador Retriever,0.742421,2017-03-23 18:07:10,"This is Brady. He's a recovering alcoholic. Demonstrating incredible restraint here. 12/10 don't give pup, don't give in, Brady https://t.co/B1iBuSq3hr",Brady,None,None,None,None,0.13014084507042253,16361,3617
207,845397057150107648,https://pbs.twimg.com/media/C7t0IzLWkAINoft.jpg,1,West Highland White Terrier,0.181985,2017-03-24 22:08:59,"Say hello to Mimosa. She's an emotional support doggo who helps her owner with PTSD. 13/10, but she needs your help

https://t.co/L6mLzrd7Mx https://t.co/jMutBFdw5o",Mimosa,doggo,None,None,None,0.1419718309859155,8241,2072
208,845677943972139009,https://pbs.twimg.com/media/C7xzmngWkAAAp9C.jpg,1,Newfoundland,0.0221432,2017-03-25 16:45:08,"C'mon guys. Please only send in dogs. We only rate dogs, not Exceptional-Tongued Peruvian Floor Bears. Thank you... 12/10 https://t.co/z30iQLiXNo",None,None,None,None,None,0.13014084507042253,27154,5365
209,846042936437604353,https://pbs.twimg.com/media/C72_iaUVUAEhZSn.jpg,1,Golden Retriever,0.96111,2017-03-26 16:55:29,Meet Jarvis. The snow pupsets him. Officially ready for summer. 12/10 would perform a chilly boop https://t.co/0hLkztpiOW,Jarvis,None,None,None,None,0.13014084507042253,17256,3224
210,846153765933735936,https://pbs.twimg.com/media/C74kWqoU8AEaf3v.jpg,1,Giant Schnauzer,0.346468,2017-03-27 00:15:53,This is Vixen. He really likes bananas. Steals them when he thinks nobody's watching. 13/10 opportunistic af https://t.co/a0CkS5ExFR,Vixen,None,None,None,None,0.1419718309859155,34394,10226
211,846514051647705089,https://pbs.twimg.com/media/C79sB4xXwAEvwKY.jpg,2,Golden Retriever,0.650003,2017-03-28 00:07:32,This is Barney. He's an elder doggo. Hitches a ride when he gets tired. Waves goodbye before he leaves. 13/10 please come back soon https://t.co/cFAasDXauK,Barney,doggo,None,None,None,0.1419718309859155,48410,13076
212,846874817362120707,https://pbs.twimg.com/media/C8C0JYHW0AAy-7u.jpg,2,Shetland Sheepdog,0.450539,2017-03-29 00:01:05,"This is Tuck. As you can see, he's rather h*ckin rare. Taken seriously until his legs are seen. Tail stuck in a permanent zoom. 13/10 https://t.co/P7PBGqrKSe",Tuck,None,None,None,None,0.1419718309859155,21685,4404
213,847157206088847362,https://pbs.twimg.com/media/C8G0_CMWsAAjjAY.jpg,2,American Staffordshire Terrier,0.178671,2017-03-29 18:43:12,"Meet Daisy. She's been pup for adoption for months now but hasn't gotten any applications. 11/10 let's change that

https://t.co/Jlb9L0m3J0 https://t.co/Eh7fGFuy6r",Daisy,None,None,None,None,0.11830985915492959,21588,6572
214,847251039262605312,https://pbs.twimg.com/media/C8IKUjAUwAEP-En.jpg,1,Irish Terrier,0.316456,2017-03-30 00:56:03,This is Furzey. He's doing an elevated sandy zoom. Adjusts ears to steer. 12/10 would pet mid flight https://t.co/zhbRIZQgnq,Furzey,None,None,None,None,0.13014084507042253,22036,4800
215,849412302885593088,https://pbs.twimg.com/media/C8m3-iQVoAAETnF.jpg,4,Schipperke,0.907559,2017-04-05 00:04:08,This is Noosh. He noticed you were in the shower and thought you could use some company. 12/10 h*ckin loyal https://t.co/Uq3ChFgWA3,Noosh,None,None,None,None,0.13014084507042253,17039,3487
216,850380195714523136,https://pbs.twimg.com/ext_tw_video_thumb/850380153985355777/pu/img/lFouhg-EZvJs8eMr.jpg,1,Yorkshire Terrier,0.249012,2017-04-07 16:10:12,This is Leo. He's a personal triathlon coach. Currently overseeing this athlete's push-pups. H*ckin brutal. 13/10 would do all he asks of me https://t.co/FXZQtBcnTO,Leo,None,None,None,None,0.1419718309859155,13994,2915
217,850753642995093505,https://pbs.twimg.com/media/C8576jrW0AEYWFy.jpg,1,Pug,0.996952,2017-04-08 16:54:09,"This is Kyle. He made a joke about your shoes, then stuck his tongue out at you. Uncalled for. Step the h*ck up Kyle. 11/10 would forgive https://t.co/hLQ2Ilg2uN",Kyle,None,None,None,None,0.11830985915492959,33348,10352
218,851591660324737024,https://pbs.twimg.com/media/C9F2FG5WAAAJ0iN.jpg,1,Chihuahua,0.077254,2017-04-11 00:24:08,Oh jeez u did me quite the spook little fella. We normally don't rate triceratops but this one seems suspiciously good. 11/10 would pet well https://t.co/BMtfCmNbnS,None,None,None,None,None,0.11830985915492959,17300,3819
219,852553447878664193,https://pbs.twimg.com/media/C9Tg1bPW0AkAMDI.jpg,1,Bloodhound,0.186498,2017-04-13 16:05:56,This is Jarod. He likes having his belly brushed. Tongue ejects when you hit the right spot. 13/10 downright h*ckin adorable https://t.co/ArnxkyD2kC,Jarod,None,None,None,None,0.1419718309859155,17492,3885
220,852672615818899456,https://pbs.twimg.com/media/C9VNNp1XkAEWRFb.jpg,1,Golden Retriever,0.7112350000000001,2017-04-13 23:59:28,This is Aspen. She's never tasted a stick so succulent. On the verge of tears. A face of pure appreciation. 12/10 https://t.co/VlyBzOXHEW,Aspen,None,None,None,None,0.13014084507042253,15939,2388
221,852912242202992640,https://pbs.twimg.com/media/C9YnKK3VoAAxn1E.jpg,1,Great Dane,0.7837649999999999,2017-04-14 15:51:39,"Meet Benny. He likes being adorable and making fun of you while you're on the trampoline. 12/10 let's help him out

https://t.co/aVMjBqAy1x https://t.co/7gx2LksT3U",Benny,None,None,None,None,0.13014084507042253,9658,2037
222,853760880890318849,https://pbs.twimg.com/media/C9kq_bbVwAAuRZd.jpg,1,Miniature Pinscher,0.29251900000000003,2017-04-17 00:03:50,Say hello to Alice. I'm told she enjoys car rides and smells good. 12/10 would give her everything she could ever want https://t.co/yT4vw8y77x,Alice,None,None,None,None,0.13014084507042253,30414,6403
223,854010172552949760,https://pbs.twimg.com/media/C9oNt91WAAAFSLS.jpg,1,Collie,0.177538,2017-04-17 16:34:26,"At first I thought this was a shy doggo, but it's actually a Rare Canadian Floofer Owl. Amateurs would confuse the two. 11/10 only send dogs https://t.co/TXdT3tmuYk",None,doggo,floofer,None,None,0.11830985915492959,17169,3433
224,854365224396361728,https://pbs.twimg.com/media/C9tQokgUIAEETSx.jpg,1,Chihuahua,0.00141323,2017-04-18 16:05:17,This is Einstein. He's having a really good day. Hopes you are too. H*ckin nifty tongue. 13/10 would snug intensely https://t.co/mdaQhhfpv6,Einstein,None,None,None,None,0.1419718309859155,20046,5159
225,854482394044301312,https://pbs.twimg.com/media/C9u7MtmV0AA741s.jpg,1,Chihuahua,0.26024200000000003,2017-04-18 23:50:52,This is Arya. She can barely contain her excitement for more peanut butter. Also patriotic af. 13/10 https://t.co/AL4Ahm1Rm5,Arya,None,None,None,None,0.1419718309859155,31131,7608
226,856543823941562368,https://pbs.twimg.com/media/C-MOEDCXYAEjp7o.jpg,1,Chihuahua,0.189288,2017-04-24 16:22:16,This is Callie. She'll be your navigator today. Takes her job very seriously. Will shift for you. One ear always in the pupholder. 12/10 https://t.co/Bh9DtLhIBO,Callie,None,None,None,None,0.13014084507042253,17135,3131
227,857029823797047296,https://pbs.twimg.com/media/C-TIEwMW0AEjb55.jpg,2,Golden Retriever,0.968623,2017-04-26 00:33:27,This is Zeke. He performs group cheeky wink tutorials. Pawfect execution here. 12/10 would wink back https://t.co/uMH5CLjXJu,Zeke,None,None,None,None,0.13014084507042253,19910,4364
228,857263160327368704,https://pbs.twimg.com/media/C-WcS4MXoAADrBU.jpg,1,Samoyed,0.998021,2017-04-26 16:00:39,This is Oscar and Oliver. Oliver shrunk Oscar. Oscar isn't pleased about it. Quite pupset tbh. Oliver doesn't seem to mind. Both 13/10 https://t.co/e3U4NReleC,Oscar,None,None,None,None,0.1419718309859155,21041,4934
229,857746408056729600,https://pbs.twimg.com/media/C-dTzBzXUAQRjYz.jpg,1,Labrador Retriever,0.919832,2017-04-28 00:00:54,Meet Thor. He doesn't have finals because he's a dog but is pupset you have finals. Just wants to play. 13/10 would abandon education for https://t.co/7IFn3rkJai,Thor,None,None,None,None,0.1419718309859155,36021,11524
230,857989990357356544,https://pbs.twimg.com/media/C-gxV9ZXkAIBL-S.jpg,1,French Bulldog,0.43258,2017-04-28 16:08:49,This is Rosie. She was just informed of the walk that's about to happen. Knows there are many a stick along the way. 12/10 such excite https://t.co/sOl7cFaP5X,Rosie,None,None,None,None,0.13014084507042253,16952,2812
231,858471635011153920,https://pbs.twimg.com/media/C-nnZBdXkAAB-wg.jpg,1,Basenji,0.00342373,2017-04-30 00:02:42,This is Sophie. She just arrived. Used pawority shipping. Speedy as h*ck delivery. 13/10 would carefully assemble https://t.co/8jOC4zhNxy,Sophie,None,None,None,None,0.1419718309859155,22640,5271
232,858843525470990336,https://pbs.twimg.com/media/C-s5oYZXkAAMHHq.jpg,1,Golden Retriever,0.57812,2017-05-01 00:40:27,I have stumbled puppon a doggo painting party. They're looking to be the next Pupcasso or Puppollock. All 13/10 would put it on the fridge https://t.co/cUeDMlHJbq,None,doggo,None,None,None,0.1419718309859155,16304,3771
233,859607811541651456,https://pbs.twimg.com/media/C-3wvtxXcAUTuBE.jpg,1,Golden Retriever,0.8955290000000001,2017-05-03 03:17:27,Sorry for the lack of posts today. I came home from school and had to spend quality time with my puppo. Her name is Zoey and she's 13/10 https://t.co/BArWupFAn0,None,None,None,None,puppo,0.1419718309859155,19476,1704
234,859851578198683649,https://pbs.twimg.com/media/C-7OcfyXsAAsqzU.jpg,4,Labrador Retriever,0.899086,2017-05-03 19:26:06,Meet Trooper. He picks pup recyclables that have blown out of bins in the neighborhood and puts them back. 13/10 environmentally savvy af https://t.co/BqSttrTuIl,Trooper,None,None,None,None,0.1419718309859155,16105,3780
235,860524505164394496,https://pbs.twimg.com/media/C_EyeKuXkAAdxY-.jpg,1,Bedlington Terrier,0.286558,2017-05-05 16:00:04,This is Carl. He likes to dance. Doesn't care what you think about it. 13/10 h*ckin confident pup https://t.co/C2zHcNIu4I,Carl,None,None,None,None,0.1419718309859155,24678,5698
236,860563773140209665,https://pbs.twimg.com/media/C_FWL0vVwAA13N7.jpg,1,Beagle,0.0458957,2017-05-05 18:36:06,"Meet Lorenzo. He's an avid nifty hat wearer and absolute 13/10, but he needs your help to beat cancer. Link below

https://t.co/qZdSdzm08p https://t.co/oDIQ1KkdPt",Lorenzo,None,None,None,None,0.1419718309859155,7878,2334
237,861383897657036800,https://pbs.twimg.com/media/C_RAFTxUAAAbXjV.jpg,1,French Bulldog,0.0633086,2017-05-08 00:54:59,This is Hobbes. He's never seen bubbles before. 13/10 deep breaths buddy https://t.co/QFRlbZw4Z1,Hobbes,None,None,None,None,0.1419718309859155,37744,11528
238,862722525377298433,https://pbs.twimg.com/media/C_kBjuUUIAArs2-.jpg,1,Beagle,0.24203400000000005,2017-05-11 17:34:13,"This is Dave. He passed the h*ck out. It's barely the afternoon on a Thursday, Dave. Get it together. Still 11/10 would boop mid-snooze https://t.co/Eme9Uar6v2",Dave,None,None,None,None,0.11830985915492959,17779,3809
239,863062471531167744,https://pbs.twimg.com/media/C_o2vKCUwAAgtOp.jpg,2,French Bulldog,0.935804,2017-05-12 16:05:02,"Say hello to Quinn. She's quite the goofball. Not even a year old. Confirmed 13/10 but she really needs your help 

https://t.co/MOBkQnyHib https://t.co/EsOB4rLEKt",Quinn,None,None,None,None,0.1419718309859155,8945,2687
240,863432100342583297,https://pbs.twimg.com/media/C_uG6eAUAAAvMvR.jpg,1,French Bulldog,0.10336,2017-05-13 16:33:49,This is Belle. She's never been more pupset. Encountered the worst imaginable type of zone. 12/10 would do anything to cheer pup https://t.co/fGQUzR8w3H,Belle,None,None,None,None,0.13014084507042253,24829,5664
241,863553081350529029,https://pbs.twimg.com/ext_tw_video_thumb/863553036815355904/pu/img/B6Dos-XOD8l82tK7.jpg,1,Siberian Husky,0.149536,2017-05-14 00:34:33,This is Neptune. He's a backpup vocalist for the Dixie Chicks. 13/10 (vid by @AmiWinehouse) https://t.co/tordvmaaop,Neptune,None,None,None,None,0.1419718309859155,15935,4489
242,864197398364647424,https://pbs.twimg.com/media/C_4-8iPV0AA1Twg.jpg,4,Golden Retriever,0.945905,2017-05-15 19:14:50,This is Paisley. She ate a flower just to prove she could. Savage af. 13/10 would pet so well https://t.co/cPq9fYvkzr,Paisley,None,None,None,None,0.1419718309859155,31459,9616
243,865006731092295680,https://pbs.twimg.com/media/DAEfCFXUIAA1uqj.jpg,1,Basenji,0.000134952,2017-05-18 00:50:50,This is Nelly. He really hopes you like his Hawaiian shirt. He already tore the tags off. 13/10 h*ck of a puppurchase https://t.co/LbkG5CiM7o,Nelly,None,None,None,None,0.1419718309859155,29063,8209
244,865359393868664832,https://pbs.twimg.com/media/DAJfxqGVoAAnvQt.jpg,2,Chesapeake Bay Retriever,0.832435,2017-05-19 00:12:11,This is Sammy. Her tongue ejects without warning sometimes. It's a serious condition. Needs a hefty dose from a BlepiPen. 13/10 https://t.co/g20EmqK7vc,Sammy,None,None,None,None,0.1419718309859155,27530,5384
245,865718153858494464,https://pbs.twimg.com/media/DAOmEZiXYAAcv2S.jpg,1,Golden Retriever,0.673664,2017-05-19 23:57:46,"Meet Boomer. He's just checking pup on you. Hopes you had a good day. If not, he hopes he made it better. 13/10 extremely good boy https://t.co/pozUoHLkGg",Boomer,None,None,None,None,0.1419718309859155,26640,6008
246,866334964761202691,https://pbs.twimg.com/media/DAXXDQNXgAAoYQH.jpg,1,Samoyed,0.984086,2017-05-21 16:48:45,This is Coco. At first I thought she was a cloud but clouds don't bork with such passion. 12/10 would hug softly https://t.co/W86h5dgR6c,Coco,None,None,None,None,0.13014084507042253,54720,15546
247,866450705531457537,https://pbs.twimg.com/media/DAZAUfBXcAAG_Nn.jpg,2,French Bulldog,0.905334,2017-05-22 00:28:40,"This is Jamesy. He gives a kiss to every other pupper he sees on his walk. 13/10 such passion, much tender https://t.co/wk7TfysWHr",Jamesy,None,None,pupper,None,0.1419718309859155,106827,32883
248,867051520902168576,https://pbs.twimg.com/media/DAhiwb0XcAA8x5Q.jpg,1,Samoyed,0.471403,2017-05-23 16:16:06,"Oh my this spooked me up. We only rate dogs, not happy ghosts. Please send dogs only. It's a very simple premise. Thank you... 13/10 https://t.co/M5Rz0R8SIQ",None,None,None,None,None,0.1419718309859155,33420,8425
249,867774946302451713,https://pbs.twimg.com/media/DAr0tDZXUAEMvdu.jpg,2,Border Collie,0.661953,2017-05-25 16:10:44,Meet Harold.  He's h*ckin cooperative. 13/10 good work Harold https://t.co/ZYg3NZGICa,Harold,None,None,None,None,0.1419718309859155,35179,7788
250,867900495410671616,https://pbs.twimg.com/media/DAtm5MkXoAA4R6P.jpg,1,Labrador Retriever,0.522644,2017-05-26 00:29:37,"Unbelievable. We only rate dogs. Please don't send in non-canines like the ""I"" from Pixar's opening credits. Thank you... 12/10 https://t.co/JMhDNv5wXZ",None,None,None,None,None,0.13014084507042253,24964,4439
251,868552278524837888,https://pbs.twimg.com/media/DA23sCeVoAE3uF0.jpg,1,Whippet,0.378151,2017-05-27 19:39:34,"Say hello to Cooper. His expression is the same wet or dry. Absolute 12/10 but Coop desperately requests your help

https://t.co/ZMTE4Mr69f https://t.co/7RyeXTYLNi",Cooper,None,None,None,None,0.13014084507042253,10539,2240
252,868622495443632128,https://pbs.twimg.com/media/DA33i0XXsAEQtCA.jpg,1,Labrador Retriever,0.868107,2017-05-28 00:18:35,Here's a h*ckin peaceful boy. Unbothered by the comings and goings. 13/10 please reveal your wise ways https://t.co/yeaH8Ej5eM,None,None,None,None,None,0.1419718309859155,28295,6275
253,869702957897576449,https://pbs.twimg.com/media/DBHOOfOXoAABKlU.jpg,1,Chihuahua,0.000177598,2017-05-30 23:51:58,Meet Stanley. He likes road trips. Will shift for you. One ear more effective than other. 13/10 we don't leave until you buckle pup Stanley https://t.co/vmCu3PFCQq,Stanley,None,None,None,None,0.1419718309859155,29116,6728
254,870374049280663552,https://pbs.twimg.com/media/DBQwlFCXkAACSkI.jpg,1,Golden Retriever,0.841001,2017-06-01 20:18:38,This is Zoey. She really likes the planet. Would hate to see willful ignorance and the denial of fairly elemental science destroy it. 13/10 https://t.co/T1xlgaPujm,Zoey,None,None,None,None,0.1419718309859155,85011,27680
255,870656317836468226,https://pbs.twimg.com/media/DBUxSSTXsAA-Jn1.jpg,4,Beagle,0.00432943,2017-06-02 15:00:16,"This is Cody. He zoomed too aggressively and tore his ACL. Happens to the best of us. Still 13/10

Help Cody here: https://t.co/4hxnDOt1CV https://t.co/42ryYRQ2Q4",Cody,None,None,None,None,0.1419718309859155,12819,2817
256,871762521631449091,https://pbs.twimg.com/media/DBkfY58XcAEdzZy.jpg,2,Labrador Retriever,0.921393,2017-06-05 16:15:56,This is Rover. As part of pupper protocol he had to at least attempt to eat the plant. Confirmed not tasty. Needs peanut butter. 12/10 https://t.co/AiVljI6QCg,Rover,None,None,pupper,None,0.13014084507042253,20787,3678
257,871879754684805121,https://pbs.twimg.com/media/DBmKAmBXUAE-pQ-.jpg,1,Shetland Sheepdog,0.969171,2017-06-06 00:01:46,Say hello to Lassie. She's celebrating #PrideMonth by being a splendid mix of astute and adorable. Proudly supupporting her owner. 13/10 https://t.co/uK6PNyeh9w,Lassie,None,None,None,None,0.1419718309859155,39090,11918
258,872122724285648897,https://pbs.twimg.com/media/DBpm-5UXcAUeCru.jpg,1,Pug,0.06673630000000001,2017-06-06 16:07:15,This is Kody. He's a baller. Wishes he was a little bit taller. Double dribbles often. Still 12/10 would happily get dunked on https://t.co/PKSpmiefwN,Kody,None,None,None,None,0.13014084507042253,35324,8549
259,872261713294495745,https://pbs.twimg.com/media/DBrlZk2UQAAfAkd.jpg,2,Labrador Retriever,0.972019,2017-06-07 01:19:32,This is Harry. His ears are activated one at a time. Incredibly rare to witness in person. Very special moment here. 13/10 blessed as h*ck https://t.co/ejHvGDfWoa,Harry,None,None,None,None,0.1419718309859155,35085,6649
260,872486979161796608,https://pbs.twimg.com/media/DBuyRlTUwAAYhG9.jpg,1,Chihuahua,0.0119667,2017-06-07 16:14:40,We. Only. Rate. Dogs. Do not send in other things like this fluffy floor shark clearly ready to attack. Get it together guys... 12/10 https://t.co/BZHiKx3FpQ,None,None,None,None,None,0.13014084507042253,41606,9429
261,873213775632977920,https://pbs.twimg.com/media/DB5HTBGXUAE0TiK.jpg,1,Vizsla,0.6197819999999999,2017-06-09 16:22:42,"This is Sierra. She's one precious pupper. Absolute 12/10. Been in and out of ICU her whole life. Help Sierra below

https://t.co/Xp01EU3qyD https://t.co/V5lkvrGLdQ",Sierra,None,None,pupper,None,0.13014084507042253,7467,1667
262,874057562936811520,https://pbs.twimg.com/media/DCFGtdoXkAEsqIw.jpg,1,Newfoundland,0.0282283,2017-06-12 00:15:36,"I can't believe this keeps happening. This, is a birb taking a bath. We only rate dogs. Please only send dogs. Thank you... 12/10 https://t.co/pwY9PQhtP2",None,None,None,None,None,0.13014084507042253,23134,4125
263,874680097055178752,https://pbs.twimg.com/media/DCN85nGUwAAzG_q.jpg,1,Labrador Retriever,0.836052,2017-06-13 17:29:20,Meet Cash. He hath acquired a stick. A very good stick tbh. 12/10 would pat head approvingly https://t.co/lZhtizkURD,Cash,None,None,None,None,0.13014084507042253,28439,4875
264,875021211251597312,https://pbs.twimg.com/media/DCSzF3NVoAAPzT4.jpg,2,West Highland White Terrier,0.7143189999999999,2017-06-14 16:04:48,Guys please stop sending pictures without any dogs in th- oh never mind hello excuse me sir. 12/10 stealthy as h*ck https://t.co/brCQoqc8AW,None,None,None,None,None,0.13014084507042253,26022,4922
265,875747767867523072,https://pbs.twimg.com/media/DCdH8YpUQAAiEbL.jpg,1,Labrador Retriever,0.799551,2017-06-16 16:11:53,"This is Goose. He's a womanizer. Cheeky as h*ck, but also deep. Tongue slip game on another level. 13/10 will steal your girl https://t.co/V2WlACRJCN",Goose,None,None,None,None,0.1419718309859155,25773,4497
266,876120275196170240,https://pbs.twimg.com/media/DCiavj_UwAAcXep.jpg,1,Bernese Mountain Dog,0.534327,2017-06-17 16:52:05,"Meet Venti, a seemingly caffeinated puppoccino. She was just informed the weekend would include walks, pats and scritches. 13/10 much excite https://t.co/ejExJFq3ek",Venti,None,None,None,None,0.1419718309859155,28490,4903
267,876838120628539392,https://pbs.twimg.com/media/DCsnnZsVwAEfkyi.jpg,1,Bloodhound,0.575751,2017-06-19 16:24:33,This is Ginger. She's having a ruff Monday. Too many pupper things going on. H*ckin exhausting. 12/10 would snug passionately https://t.co/j211oCDRs6,Ginger,None,None,pupper,None,0.13014084507042253,21125,3506
268,877201837425926144,https://pbs.twimg.com/media/DCxyahJWsAAddSC.jpg,1,Basenji,8.17379e-05,2017-06-20 16:29:50,This is Nelly. He graduated with his dogtorate today. Wants to know if you're proud of him. 12/10 would give congratulatory boop https://t.co/4g4cfj3P4Y,Nelly,None,None,None,None,0.13014084507042253,27755,5880
269,877316821321428993,https://pbs.twimg.com/media/DCza_vtXkAQXGpC.jpg,1,Saluki,0.5099670000000001,2017-06-21 00:06:44,"Meet Dante. At first he wasn't a fan of his new raincoat, then he saw his reflection. H*ckin handsome. 13/10 for water resistant good boy https://t.co/SHRTIo5pxc",Dante,None,None,None,None,0.1419718309859155,27907,5414
270,877736472329191424,https://pbs.twimg.com/media/DC5YqoQW0AArOLH.jpg,2,Chesapeake Bay Retriever,0.8379559999999999,2017-06-22 03:54:17,This is Aja. She was just told she's a good dog. Suspicions confirmed. 13/10 would tell again https://t.co/lsPyyAiF1r,Aja,None,None,None,None,0.1419718309859155,71144,17300
271,878776093423087618,https://pbs.twimg.com/media/DDIKMXzW0AEibje.jpg,2,Italian Greyhound,0.734684,2017-06-25 00:45:22,This is Snoopy. He's a proud #PrideMonthPuppo. Impeccable handwriting for not having thumbs. 13/10 would love back #PrideMonth https://t.co/lNZwgNO4gS,Snoopy,None,None,None,puppo,0.1419718309859155,19763,4319
272,879008229531029506,https://pbs.twimg.com/media/DDLdUrqXYAMOVzY.jpg,1,Vizsla,0.960513,2017-06-25 16:07:47,This is Beau. That is Beau's balloon. He takes it everywhere. 13/10 would protect at all costs https://t.co/YDtpCjIPKN,Beau,None,None,None,None,0.1419718309859155,19317,2812
273,879862464715927552,https://pbs.twimg.com/media/DDXmPrbWAAEKMvy.jpg,3,Beagle,0.146654,2017-06-28 00:42:13,This is Romeo. He would like to do an entrance. Requesting your immediate assistance. 13/10 https://t.co/Qh5aEkRQm9,Romeo,None,None,None,None,0.1419718309859155,22667,3642
274,880095782870896641,https://pbs.twimg.com/media/DDa6ckbXgAAM1vV.jpg,1,Miniature Pinscher,0.120298,2017-06-28 16:09:20,Please don't send in photos without dogs in them. We're not @porch_rates. Insubordinate and churlish. Pretty good porch tho 11/10 https://t.co/HauE8M3Bu4,None,None,None,None,None,0.11830985915492959,28150,4533
275,880465832366813184,https://pbs.twimg.com/media/DDgK-J4XUAIEV9W.jpg,1,Golden Retriever,0.913255,2017-06-29 16:39:47,This is Bella. She had her first beach experience this morning. Complete success. 12/10 would perform a sandy boop https://t.co/4VsFysDmiw,Bella,None,None,None,None,0.13014084507042253,29075,6546
276,880872448815771648,https://pbs.twimg.com/media/DDl8zzJW0AAisCJ.jpg,1,Norwich Terrier,0.0613929,2017-06-30 19:35:32,Ugh not again. We only rate dogs. Please don't send in well-dressed  floppy-tongued street penguins. Dogs only please. Thank you... 12/10 https://t.co/WiAMbTkDPf,None,None,None,None,None,0.13014084507042253,21734,3989
277,881666595344535552,https://pbs.twimg.com/media/DDxPFwbWAAEbVVR.jpg,1,Saluki,0.529012,2017-07-03 00:11:11,This is Gary. He couldn't miss this puppertunity for a selfie. Flawless focusing skills. 13/10 would boop intensely https://t.co/7CSWCl8I6s,Gary,None,None,None,None,0.1419718309859155,51522,11099
278,882045870035918850,https://pbs.twimg.com/media/DD2oCl2WAAEI_4a.jpg,1,Golden Retriever,0.00694063,2017-07-04 01:18:17,"This is Koko. Her owner, inspired by Barney, recently built a cart for her to use during walks if she got tired. 13/10 rest easy Koko https://t.co/zeDpnsKX7w",Koko,None,None,None,None,0.1419718309859155,29900,5203
279,882268110199369728,https://pbs.twimg.com/media/DD5yKdPW0AArzX8.jpg,1,Golden Retriever,0.762211,2017-07-04 16:01:23,This is Alfy. You're witnessing his first watermelon experience. I think it was a success. 13/10 happy 4th Alfy  https://t.co/fYP5RlutfA,Alfy,None,None,None,None,0.1419718309859155,45880,12118
280,883117836046086144,https://pbs.twimg.com/media/DEF2-_hXoAAs62q.jpg,2,Golden Retriever,0.949562,2017-07-07 00:17:54,"Please only send dogs. We don't rate mechanics, no matter how h*ckin good. Thank you... 13/10 would sneak a pat https://t.co/Se5fZ9wp5E",None,None,None,None,None,0.1419718309859155,37914,6949
281,883360690899218434,https://pbs.twimg.com/media/DEJT3FeXoAAtwUy.jpg,1,Tibetan Mastiff,0.00709872,2017-07-07 16:22:55,Meet Grizzwald. He may be the floofiest floofer I ever did see. Lost eyes saving a schoolbus from a volcano erpuption. 13/10 heroic as h*ck https://t.co/rf661IFEYP,Grizzwald,None,floofer,None,None,0.1419718309859155,22986,3825
282,883482846933004288,https://pbs.twimg.com/media/DELC9dZXUAADqUk.jpg,1,Golden Retriever,0.943082,2017-07-08 00:28:19,"This is Bella. She hopes her smile made you smile. If not, she is also offering you her favorite monkey. 13.5/10 https://t.co/qjrljjt948",Bella,None,None,None,None,0.04732394366197184,46860,10407
283,884162670584377345,https://pbs.twimg.com/media/DEUtQbzW0AUTv_o.jpg,1,Norwegian Elkhound,0.0491476,2017-07-09 21:29:42,Meet Yogi. He doesn't have any important dog meetings today he just enjoys looking his best at all times. 12/10 for dangerously dapper doggo https://t.co/YSI00BzTBZ,Yogi,doggo,None,None,None,0.13014084507042253,20771,3128
284,884441805382717440,https://pbs.twimg.com/media/DEYrIZwWsAA2Wo5.jpg,1,Chihuahua,0.00208089,2017-07-10 15:58:53,"I present to you, Pup in Hat. Pup in Hat is great for all occasions. Extremely versatile. Compact as h*ck. 14/10 (IG: itselizabethgales) https://t.co/vvBOcC2VdC",None,None,None,None,None,0.15380281690140846,27478,5856
285,884876753390489601,https://pbs.twimg.com/media/DEe2tZXXkAAwyX3.jpg,1,Norwich Terrier,0.106075,2017-07-11 20:47:12,This is Lola. It's her first time outside. Must test the earth and taste the atmosphere. 13/10 you're doing great Lola https://t.co/74TKAUsLkO,Lola,None,None,None,None,0.1419718309859155,28514,6096
286,885528943205470208,https://pbs.twimg.com/media/DEoH3yvXgAAzQtS.jpg,1,Pug,0.369275,2017-07-13 15:58:47,This is Maisey. She fell asleep mid-excavation. Happens to the best of us. 13/10 would pat noggin approvingly https://t.co/tp1kQ8i9JF,Maisey,None,None,None,None,0.1419718309859155,36689,6683
287,885984800019947520,https://pbs.twimg.com/media/DEumeWWV0AA-Z61.jpg,1,Shih Tzu,0.00663012,2017-07-14 22:10:11,Viewer discretion advised. This is Jimbo. He will rip ur finger right h*ckin off. Other dog clearly an accessory. 12/10 pls pet with caution https://t.co/BuveP0uMF1,Jimbo,None,None,None,None,0.13014084507042253,33382,7097
288,887343217045368832,https://pbs.twimg.com/ext_tw_video_thumb/887343120832229379/pu/img/6HSuFrW1lzI_9Mht.jpg,1,Weimaraner,0.134203,2017-07-18 16:08:03,You may not have known you needed to see this today. 13/10 please enjoy (IG: emmylouroo) https://t.co/WZqNqygEyV,None,None,None,None,None,0.1419718309859155,34222,10737
289,887473957103951883,https://pbs.twimg.com/media/DFDw2tyUQAAAFke.jpg,2,Rhodesian Ridgeback,0.05495,2017-07-19 00:47:34,This is Canela. She attempted some fancy porch pics. They were unsuccessful. 13/10 someone help her https://t.co/cLyzpcUcMX,Canela,None,None,None,None,0.1419718309859155,69871,18781
290,887705289381826560,https://pbs.twimg.com/media/DFHDQBbXgAEqY7t.jpg,1,Weimaraner,0.026236400000000003,2017-07-19 16:06:48,This is Jeffrey. He has a monopoly on the pool noodles. Currently running a 'boop for two' midweek sale. 13/10 h*ckin strategic https://t.co/PhrUk20Q64,Jeffrey,None,None,None,None,0.1419718309859155,30779,5609
291,888804989199671297,https://pbs.twimg.com/media/DFWra-3VYAA2piG.jpg,1,Golden Retriever,0.46976,2017-07-22 16:56:37,This is Zeke. He has a new stick. Very proud of it. Would like you to throw it for him without taking it. 13/10 would do my best https://t.co/HTQ77yNQ5K,Zeke,None,None,None,None,0.1419718309859155,26080,4559
292,888917238123831296,https://pbs.twimg.com/media/DFYRgsOUQAARGhO.jpg,1,Golden Retriever,0.714719,2017-07-23 00:22:39,This is Jim. He found a fren. Taught him how to sit like the good boys. 12/10 for both https://t.co/chxruIOUJN,Jim,None,None,None,None,0.13014084507042253,29611,4709
293,889278841981685760,https://pbs.twimg.com/ext_tw_video_thumb/889278779352338437/pu/img/VlbFB3v8H8VwzVNY.jpg,1,Whippet,0.626152,2017-07-24 00:19:32,This is Oliver. You're witnessing one of his many brutal attacks. Seems to be playing with his victim. 13/10 fr*ckin frightening #BarkWeek https://t.co/WpHvrQedPb,Oliver,None,None,None,None,0.1419718309859155,25652,5637
294,889665388333682689,https://pbs.twimg.com/media/DFi579UWsAAatzw.jpg,1,Basenji,0.00463323,2017-07-25 01:55:32,Here's a puppo that seems to be on the fence about something haha no but seriously someone help her. 13/10 https://t.co/BxvuXk0UCm,None,None,None,None,puppo,0.1419718309859155,38818,8538
295,890240255349198849,https://pbs.twimg.com/media/DFrEyVuW0AAO3t9.jpg,1,Chihuahua,0.0292482,2017-07-26 15:59:51,This is Cassie. She is a college pup. Studying international doggo communication and stick theory. 14/10 so elegant much sophisticate https://t.co/t1bfwz5S2A,Cassie,doggo,None,None,None,0.15380281690140846,32467,7711
296,890609185150312448,https://pbs.twimg.com/media/DFwUU__XcAEpyXI.jpg,1,Irish Terrier,0.487574,2017-07-27 16:25:51,This is Zoey. She doesn't want to be one of the scary sharks. Just wants to be a snuggly pettable boatpet. 13/10 #BarkWeek https://t.co/9TwLuAGH0b,Zoey,None,None,None,None,0.1419718309859155,28226,4429
297,892177421306343426,https://pbs.twimg.com/media/DGGmoV4XsAAUL6n.jpg,1,Chihuahua,0.323581,2017-08-01 00:17:27,"This is Tilly. She's just checking pup on you. Hopes you're doing ok. If not, she's available for pats, snugs, boops, the whole bit. 13/10 https://t.co/0Xxu71qeIV",Tilly,None,None,None,None,0.1419718309859155,33819,6514
